birdclefinat_birdclef_iNat1264238: shorter than 1.0s after trim
birdclefinat_birdclef_iNat1353836: shorter than 1.0s after trim
birdclefinat_birdclef_iNat1460521: shorter than 1.0s after trim
birdclefinat_birdclef_iNat1645288: shorter than 1.0s after trim
birdclefinat_birdclef_iNat1693371: shorter than 1.0s after trim
birdclefinat_birdclef_iNat318716: no window passed the RMS + bird-band filters
birdclefinat_birdclef_iNat781822: shorter than 1.0s after trim
birdclefinat_birdclef_iNat1545859: shorter than 1.0s after trim
birdclefinat_birdclef_iNat583590: no window passed the RMS + bird-band filters
birdclefinat_birdclef_iNat819936: no window passed the RMS + bird-band filters
birdclefinat_birdclef_iNat730319: no window passed the RMS + bird-band filters
birdclefinat_birdclef_iNat1322093: shorter than 1.0s after trim
birdclefinat_birdclef_iNat585817: no window passed the RMS + bird-band filters
birdclefinat_birdclef_iNat1306335: shorter than 1.0s after trim
birdclefinat_birdclef_iNat139913: no window passed the RMS + bird-band filters
birdclefinat_birdclef_iNat1435402: shorter than 1.0s after trim
birdclefinat_birdclef_iNat158068: no window passed the RMS + bird-band filters
birdclefinat_birdclef_iNat144573: no window passed the RMS + bird-band filters
birdclefinat_birdclef_iNat1142822: no window passed the RMS + bird-band filters
birdclefinat_birdclef_iNat1219059: shorter than 1.0s after trim
birdclefinat_birdclef_iNat140644: no window passed the RMS + bird-band filters
birdclefinat_birdclef_iNat1573678: shorter than 1.0s after trim
birdclefinat_birdclef_iNat1583846: shorter than 1.0s after trim
birdclefinat_birdclef_iNat586169: no window passed the RMS + bird-band filters
birdclefinat_birdclef_iNat544404: no window passed the RMS + bird-band filters
birdclefinat_birdclef_iNat564212: no window passed the RMS + bird-band filters
birdclefinat_birdclef_iNat1645314: shorter than 1.0s after trim
birdclefinat_birdclef_iNat1323826: no window passed the RMS + bird-band filters
birdclefinat_birdclef_iNat1303382: shorter than 1.0s after trim
birdclefinat_birdclef_iNat1299066: shorter than 1.0s after trim
birdclefinat_birdclef_iNat330025: no window passed the RMS + bird-band filters
birdclefinat_birdclef_iNat1054872: shorter than 1.0s after trim
birdclefinat_birdclef_iNat1243480: shorter than 1.0s after trim
birdclefinat_birdclef_iNat1015847: no window passed the RMS + bird-band filters
birdclefinat_birdclef_iNat1191939: shorter than 1.0s after trim
birdclefinat_birdclef_iNat1317366: shorter than 1.0s after trim
birdclefinat_birdclef_iNat1346365: shorter than 1.0s after trim
birdclefinat_birdclef_iNat1346356: shorter than 1.0s after trim
birdclefinat_birdclef_iNat1559514: shorter than 1.0s after trim
birdclefinat_birdclef_iNat1366168: no window passed the RMS + bird-band filters
birdclefinat_birdclef_iNat1717935: shorter than 1.0s after trim
birdclefinat_birdclef_iNat1080459: no window passed the RMS + bird-band filters
birdclefinat_birdclef_iNat408017: no window passed the RMS + bird-band filters
birdclefinat_birdclef_iNat1693578: no window passed the RMS + bird-band filters
birdclefinat_birdclef_iNat1199534: no window passed the RMS + bird-band filters
birdclefinat_birdclef_iNat1648597: shorter than 1.0s after trim
birdclefinat_birdclef_iNat1378794: no window passed the RMS + bird-band filters
birdclefinat_birdclef_iNat1375734: shorter than 1.0s after trim
birdclefinat_birdclef_iNat1375753: shorter than 1.0s after trim
birdclefinat_birdclef_iNat1421758: no window passed the RMS + bird-band filters
birdclefinat_birdclef_iNat564213: no window passed the RMS + bird-band filters
birdclefinat_birdclef_iNat1695608: no window passed the RMS + bird-band filters
birdclefinat_birdclef_iNat635684: no window passed the RMS + bird-band filters
birdclefinat_birdclef_iNat1372639: shorter than 1.0s after trim
birdclefinat_birdclef_iNat1676955: shorter than 1.0s after trim
birdclefinat_birdclef_iNat330833: no window passed the RMS + bird-band filters
birdclefinat_birdclef_iNat924035: shorter than 1.0s after trim
birdclefinat_birdclef_iNat924044: shorter than 1.0s after trim
birdclefinat_birdclef_iNat1635719: shorter than 1.0s after trim
birdclefinat_birdclef_iNat145251: no window passed the RMS + bird-band filters
birdclefinat_birdclef_iNat1400791: shorter than 1.0s after trim
birdclefinat_birdclef_iNat963674: shorter than 1.0s after trim
birdclefinat_birdclef_iNat882058: no window passed the RMS + bird-band filters
birdclefinat_birdclef_iNat717618: no window passed the RMS + bird-band filters
birdclefxc_birdclef_XC237384: no window passed the RMS + bird-band filters
birdclefxc_birdclef_XC965398: no window passed the RMS + bird-band filters
birdclefxc_birdclef_XC423646: no window passed the RMS + bird-band filters
birdclefinat_birdclef_iNat1672327: shorter than 1.0s after trim
birdclefinat_birdclef_iNat1711622: shorter than 1.0s after trim
birdclefxc_birdclef_XC928322: no window passed the RMS + bird-band filters
birdclefinat_birdclef_iNat1570157: no window passed the RMS + bird-band filters
birdclefxc_birdclef_XC830116: no window passed the RMS + bird-band filters
birdclefinat_birdclef_iNat341942: no window passed the RMS + bird-band filters
birdclefinat_birdclef_iNat1008346: no window passed the RMS + bird-band filters
birdclefinat_birdclef_iNat1648102: no window passed the RMS + bird-band filters
birdclefxc_birdclef_XC593408: no window passed the RMS + bird-band filters
birdclefinat_birdclef_iNat816819: no window passed the RMS + bird-band filters
birdclefinat_birdclef_iNat887027: no window passed the RMS + bird-band filters
birdclefxc_birdclef_XC1003366: no window passed the RMS + bird-band filters
birdclefinat_birdclef_iNat1653380: no window passed the RMS + bird-band filters
birdclefinat_birdclef_iNat656084: no window passed the RMS + bird-band filters
birdclefxc_birdclef_XC1003367: no window passed the RMS + bird-band filters
birdclefinat_birdclef_iNat942077: no window passed the RMS + bird-band filters
birdclefinat_birdclef_iNat959640: no window passed the RMS + bird-band filters
birdclefinat_birdclef_iNat888129: no window passed the RMS + bird-band filters
birdclefinat_birdclef_iNat586060: no window passed the RMS + bird-band filters
birdclefxc_birdclef_XC1053050: no window passed the RMS + bird-band filters
birdclefxc_birdclef_XC114362: no window passed the RMS + bird-band filters
birdclefxc_birdclef_XC236664: no window passed the RMS + bird-band filters
birdclefxc_birdclef_XC383802: no window passed the RMS + bird-band filters
birdclefxc_birdclef_XC681233: no window passed the RMS + bird-band filters
birdclefxc_birdclef_XC297318: no window passed the RMS + bird-band filters
birdclefxc_birdclef_XC837026: no window passed the RMS + bird-band filters
birdclefxc_birdclef_XC855244: no window passed the RMS + bird-band filters
birdclefinat_birdclef_iNat1302882: shorter than 1.0s after trim
birdclefinat_birdclef_iNat1371833: shorter than 1.0s after trim
birdclefinat_birdclef_iNat1407149: no window passed the RMS + bird-band filters
birdclefinat_birdclef_iNat1496209: shorter than 1.0s after trim
birdclefinat_birdclef_iNat1282014: no window passed the RMS + bird-band filters
birdclefinat_birdclef_iNat1630115: shorter than 1.0s after trim
birdclefinat_birdclef_iNat1631602: shorter than 1.0s after trim
birdclefinat_birdclef_iNat1638891: shorter than 1.0s after trim
birdclefinat_birdclef_iNat1403373: no window passed the RMS + bird-band filters
birdclefinat_birdclef_iNat1429882: no window passed the RMS + bird-band filters
birdclefinat_birdclef_iNat1647768: no window passed the RMS + bird-band filters
birdclefinat_birdclef_iNat1720272: no window passed the RMS + bird-band filters
birdclefinat_birdclef_iNat1720278: no window passed the RMS + bird-band filters
birdclefinat_birdclef_iNat1721020: no window passed the RMS + bird-band filters
birdclefinat_birdclef_iNat1737573: no window passed the RMS + bird-band filters
birdclefinat_birdclef_iNat335243: shorter than 1.0s after trim
birdclefinat_birdclef_iNat1720274: no window passed the RMS + bird-band filters
birdclefinat_birdclef_iNat33120: no window passed the RMS + bird-band filters
birdclefinat_birdclef_iNat339877: no window passed the RMS + bird-band filters
birdclefinat_birdclef_iNat353343: no window passed the RMS + bird-band filters
birdclefinat_birdclef_iNat357060: no window passed the RMS + bird-band filters
birdclefinat_birdclef_iNat471575: no window passed the RMS + bird-band filters
birdclefinat_birdclef_iNat494464: no window passed the RMS + bird-band filters
birdclefinat_birdclef_iNat563404: no window passed the RMS + bird-band filters
birdclefinat_birdclef_iNat693716: no window passed the RMS + bird-band filters
birdclefinat_birdclef_iNat724164: no window passed the RMS + bird-band filters
birdclefinat_birdclef_iNat770503: no window passed the RMS + bird-band filters
birdclefinat_birdclef_iNat928040: no window passed the RMS + bird-band filters
birdclefinat_birdclef_iNat764438: no window passed the RMS + bird-band filters
birdclefxc_birdclef_XC294693: no window passed the RMS + bird-band filters
birdclefxc_birdclef_XC520818: no window passed the RMS + bird-band filters
birdclefinat_birdclef_iNat478917: no window passed the RMS + bird-band filters
birdclefxc_birdclef_XC626037: no window passed the RMS + bird-band filters
birdclefxc_birdclef_XC830531: no window passed the RMS + bird-band filters
birdclefxc_birdclef_XC838476: no window passed the RMS + bird-band filters
birdclefxc_birdclef_XC877054: no window passed the RMS + bird-band filters
birdclefinat_birdclef_iNat1007461: no window passed the RMS + bird-band filters
birdclefinat_birdclef_iNat1137123: no window passed the RMS + bird-band filters
birdclefinat_birdclef_iNat1318235: no window passed the RMS + bird-band filters
birdclefinat_birdclef_iNat1418545: shorter than 1.0s after trim
birdclefinat_birdclef_iNat1278005: no window passed the RMS + bird-band filters
birdclefinat_birdclef_iNat1278004: no window passed the RMS + bird-band filters
birdclefinat_birdclef_iNat1654575: shorter than 1.0s after trim
birdclefinat_birdclef_iNat1738725: shorter than 1.0s after trim
birdclefxc_birdclef_XC825068: no window passed the RMS + bird-band filters
birdclefinat_birdclef_iNat1337557: no window passed the RMS + bird-band filters
birdclefinat_birdclef_iNat202812: no window passed the RMS + bird-band filters
birdclefinat_birdclef_iNat1283396: no window passed the RMS + bird-band filters
birdclefinat_birdclef_iNat332990: no window passed the RMS + bird-band filters
birdclefinat_birdclef_iNat604705: no window passed the RMS + bird-band filters
birdclefinat_birdclef_iNat76423: shorter than 1.0s after trim
birdclefinat_birdclef_iNat728224: no window passed the RMS + bird-band filters
birdclefinat_birdclef_iNat729634: no window passed the RMS + bird-band filters
birdclefinat_birdclef_iNat743717: no window passed the RMS + bird-band filters
birdclefinat_birdclef_iNat799648: no window passed the RMS + bird-band filters
birdclefinat_birdclef_iNat76485: no window passed the RMS + bird-band filters
birdclefinat_birdclef_iNat171109: no window passed the RMS + bird-band filters
birdclefinat_birdclef_iNat768385: no window passed the RMS + bird-band filters
birdclefinat_birdclef_iNat831390: no window passed the RMS + bird-band filters
birdclefinat_birdclef_iNat74158: no window passed the RMS + bird-band filters
birdclefinat_birdclef_iNat920472: no window passed the RMS + bird-band filters
birdclefinat_birdclef_iNat920473: no window passed the RMS + bird-band filters
birdclefinat_birdclef_iNat882726: no window passed the RMS + bird-band filters
birdclefxc_birdclef_XC1054418: no window passed the RMS + bird-band filters
birdclefxc_birdclef_XC1054647: no window passed the RMS + bird-band filters
birdclefinat_birdclef_iNat77628: no window passed the RMS + bird-band filters
birdclefinat_birdclef_iNat74369: no window passed the RMS + bird-band filters
birdclefinat_birdclef_iNat728236: no window passed the RMS + bird-band filters
birdclefxc_birdclef_XC658665: no window passed the RMS + bird-band filters
birdclefxc_birdclef_XC912202: no window passed the RMS + bird-band filters
birdclefxc_birdclef_XC840165: no window passed the RMS + bird-band filters
birdclefinat_birdclef_iNat1096980: no window passed the RMS + bird-band filters
birdclefinat_birdclef_iNat1128723: no window passed the RMS + bird-band filters
birdclefxc_birdclef_XC912191: no window passed the RMS + bird-band filters
birdclefinat_birdclef_iNat1254241: no window passed the RMS + bird-band filters
birdclefinat_birdclef_iNat1275000: shorter than 1.0s after trim
birdclefinat_birdclef_iNat1254240: no window passed the RMS + bird-band filters
birdclefinat_birdclef_iNat1517987: shorter than 1.0s after trim
birdclefinat_birdclef_iNat1298327: no window passed the RMS + bird-band filters
birdclefinat_birdclef_iNat1598606: no window passed the RMS + bird-band filters
birdclefinat_birdclef_iNat1254237: no window passed the RMS + bird-band filters
birdclefinat_birdclef_iNat1049185: no window passed the RMS + bird-band filters
birdclefinat_birdclef_iNat1298324: no window passed the RMS + bird-band filters
birdclefinat_birdclef_iNat1710152: shorter than 1.0s after trim
birdclefinat_birdclef_iNat1209467: no window passed the RMS + bird-band filters
birdclefinat_birdclef_iNat1642733: no window passed the RMS + bird-band filters
birdclefinat_birdclef_iNat1298325: no window passed the RMS + bird-band filters
birdclefinat_birdclef_iNat1653925: no window passed the RMS + bird-band filters
birdclefinat_birdclef_iNat1649441: no window passed the RMS + bird-band filters
birdclefinat_birdclef_iNat1249765: no window passed the RMS + bird-band filters
birdclefinat_birdclef_iNat1517988: no window passed the RMS + bird-band filters
birdclefinat_birdclef_iNat345719: no window passed the RMS + bird-band filters
birdclefinat_birdclef_iNat1153286: no window passed the RMS + bird-band filters
birdclefinat_birdclef_iNat1728009: no window passed the RMS + bird-band filters
birdclefinat_birdclef_iNat851299: shorter than 1.0s after trim
birdclefinat_birdclef_iNat851301: shorter than 1.0s after trim
birdclefinat_birdclef_iNat851302: shorter than 1.0s after trim
birdclefinat_birdclef_iNat899923: no window passed the RMS + bird-band filters
birdclefinat_birdclef_iNat571836: no window passed the RMS + bird-band filters
birdclefinat_birdclef_iNat1654033: no window passed the RMS + bird-band filters
birdclefxc_birdclef_XC1027107: no window passed the RMS + bird-band filters
birdclefxc_birdclef_XC709071: no window passed the RMS + bird-band filters
birdclefinat_birdclef_iNat1304419: shorter than 1.0s after trim
birdclefinat_birdclef_iNat1155636: no window passed the RMS + bird-band filters
birdclefinat_birdclef_iNat976078: shorter than 1.0s after trim
birdclefxc_birdclef_XC863830: no window passed the RMS + bird-band filters
birdclefinat_birdclef_iNat114986: no window passed the RMS + bird-band filters
birdclefinat_birdclef_iNat1160698: no window passed the RMS + bird-band filters
birdclefinat_birdclef_iNat1185659: no window passed the RMS + bird-band filters
birdclefinat_birdclef_iNat1294916: shorter than 1.0s after trim
birdclefinat_birdclef_iNat1277744: no window passed the RMS + bird-band filters
birdclefinat_birdclef_iNat1318531: shorter than 1.0s after trim
birdclefinat_birdclef_iNat1333153: shorter than 1.0s after trim
birdclefinat_birdclef_iNat1338852: shorter than 1.0s after trim
birdclefinat_birdclef_iNat1352566: shorter than 1.0s after trim
birdclefinat_birdclef_iNat1286755: no window passed the RMS + bird-band filters
birdclefinat_birdclef_iNat1499546: shorter than 1.0s after trim
birdclefinat_birdclef_iNat1520789: shorter than 1.0s after trim
birdclefinat_birdclef_iNat1543298: shorter than 1.0s after trim
birdclefinat_birdclef_iNat1580446: shorter than 1.0s after trim
birdclefinat_birdclef_iNat1683874: shorter than 1.0s after trim
birdclefinat_birdclef_iNat1705504: shorter than 1.0s after trim
birdclefinat_birdclef_iNat1247066: no window passed the RMS + bird-band filters
birdclefinat_birdclef_iNat1736354: no window passed the RMS + bird-band filters
birdclefinat_birdclef_iNat418728: shorter than 1.0s after trim
birdclefinat_birdclef_iNat594163: shorter than 1.0s after trim
birdclefinat_birdclef_iNat580822: no window passed the RMS + bird-band filters
birdclefinat_birdclef_iNat797291: shorter than 1.0s after trim
birdclefinat_birdclef_iNat679196: no window passed the RMS + bird-band filters
birdclefinat_birdclef_iNat942901: shorter than 1.0s after trim
birdclefinat_birdclef_iNat950353: shorter than 1.0s after trim
birdclefinat_birdclef_iNat883928: no window passed the RMS + bird-band filters
birdclefinat_birdclef_iNat956671: no window passed the RMS + bird-band filters
birdclefinat_birdclef_iNat450875: no window passed the RMS + bird-band filters
birdclefinat_birdclef_iNat970983: no window passed the RMS + bird-band filters
birdclefxc_birdclef_XC351408: no window passed the RMS + bird-band filters
birdclefxc_birdclef_XC358761: no window passed the RMS + bird-band filters
birdclefxc_birdclef_XC570411: no window passed the RMS + bird-band filters
birdclefxc_birdclef_XC919173: no window passed the RMS + bird-band filters
birdclefinat_birdclef_iNat715977: no window passed the RMS + bird-band filters
birdclefinat_birdclef_iNat246926: no window passed the RMS + bird-band filters
birdclefxc_birdclef_XC552270: no window passed the RMS + bird-band filters
birdclefxc_birdclef_XC663771: no window passed the RMS + bird-band filters
birdclefinat_birdclef_iNat1396398: shorter than 1.0s after trim
birdclefinat_birdclef_iNat1637377: shorter than 1.0s after trim
birdclefxc_birdclef_XC351468: no window passed the RMS + bird-band filters
birdclefxc_birdclef_XC830853: no window passed the RMS + bird-band filters
birdclefinat_birdclef_iNat1029272: shorter than 1.0s after trim
birdclefinat_birdclef_iNat1637590: shorter than 1.0s after trim
birdclefinat_birdclef_iNat1636882: no window passed the RMS + bird-band filters
birdclefinat_birdclef_iNat891670: no window passed the RMS + bird-band filters
birdclefinat_birdclef_iNat728231: no window passed the RMS + bird-band filters
birdclefinat_birdclef_iNat97476: no window passed the RMS + bird-band filters
birdclefinat_birdclef_iNat1254442: no window passed the RMS + bird-band filters
birdclefinat_birdclef_iNat1675853: shorter than 1.0s after trim
birdclefinat_birdclef_iNat1122965: no window passed the RMS + bird-band filters
birdclefinat_birdclef_iNat953708: shorter than 1.0s after trim
birdclefinat_birdclef_iNat27170: no window passed the RMS + bird-band filters
birdclefinat_birdclef_iNat347815: no window passed the RMS + bird-band filters
birdclefinat_birdclef_iNat1583014: no window passed the RMS + bird-band filters
birdclefinat_birdclef_iNat721738: no window passed the RMS + bird-band filters
birdclefinat_birdclef_iNat145726: no window passed the RMS + bird-band filters
birdclefxc_birdclef_XC213687: no window passed the RMS + bird-band filters
birdclefinat_birdclef_iNat613518: no window passed the RMS + bird-band filters
birdclefxc_birdclef_XC761505: no window passed the RMS + bird-band filters
birdclefinat_birdclef_iNat1001144: no window passed the RMS + bird-band filters
birdclefinat_birdclef_iNat1015257: no window passed the RMS + bird-band filters
birdclefinat_birdclef_iNat1200823: no window passed the RMS + bird-band filters
birdclefinat_birdclef_iNat1216597: no window passed the RMS + bird-band filters
birdclefinat_birdclef_iNat1422961: shorter than 1.0s after trim
birdclefinat_birdclef_iNat1406256: shorter than 1.0s after trim
birdclefinat_birdclef_iNat1328936: no window passed the RMS + bird-band filters
birdclefinat_birdclef_iNat1457501: shorter than 1.0s after trim
birdclefinat_birdclef_iNat1282964: no window passed the RMS + bird-band filters
birdclefinat_birdclef_iNat1319205: no window passed the RMS + bird-band filters
birdclefinat_birdclef_iNat1319185: no window passed the RMS + bird-band filters
birdclefinat_birdclef_iNat1554596: shorter than 1.0s after trim
birdclefinat_birdclef_iNat1459734: no window passed the RMS + bird-band filters
birdclefinat_birdclef_iNat1319207: no window passed the RMS + bird-band filters
birdclefinat_birdclef_iNat216750: no window passed the RMS + bird-band filters
birdclefinat_birdclef_iNat32588: no window passed the RMS + bird-band filters
birdclefinat_birdclef_iNat395747: no window passed the RMS + bird-band filters
birdclefinat_birdclef_iNat1576496: no window passed the RMS + bird-band filters
birdclefinat_birdclef_iNat1503614: no window passed the RMS + bird-band filters
birdclefinat_birdclef_iNat740078: no window passed the RMS + bird-band filters
birdclefinat_birdclef_iNat746068: no window passed the RMS + bird-band filters
birdclefinat_birdclef_iNat638905: no window passed the RMS + bird-band filters
birdclefinat_birdclef_iNat544930: no window passed the RMS + bird-band filters
birdclefinat_birdclef_iNat654000: no window passed the RMS + bird-band filters
birdclefinat_birdclef_iNat431293: no window passed the RMS + bird-band filters
birdclefinat_birdclef_iNat566593: no window passed the RMS + bird-band filters
birdclefinat_birdclef_iNat550258: no window passed the RMS + bird-band filters
birdclefinat_birdclef_iNat566594: no window passed the RMS + bird-band filters
birdclefinat_birdclef_iNat524007: no window passed the RMS + bird-band filters
birdclefxc_birdclef_XC123496: no window passed the RMS + bird-band filters
birdclefxc_birdclef_XC1006651: no window passed the RMS + bird-band filters
birdclefxc_birdclef_XC1006622: no window passed the RMS + bird-band filters
birdclefxc_birdclef_XC233111: no window passed the RMS + bird-band filters
birdclefxc_birdclef_XC114060: no window passed the RMS + bird-band filters
birdclefxc_birdclef_XC156976: no window passed the RMS + bird-band filters
birdclefxc_birdclef_XC191947: no window passed the RMS + bird-band filters
birdclefxc_birdclef_XC123526: no window passed the RMS + bird-band filters
birdclefxc_birdclef_XC123527: no window passed the RMS + bird-band filters
birdclefxc_birdclef_XC859255: no window passed the RMS + bird-band filters
birdclefxc_birdclef_XC920159: no window passed the RMS + bird-band filters
birdclefinat_birdclef_iNat1052018: no window passed the RMS + bird-band filters
birdclefinat_birdclef_iNat1200017: shorter than 1.0s after trim
birdclefinat_birdclef_iNat1073587: no window passed the RMS + bird-band filters
birdclefinat_birdclef_iNat1100710: no window passed the RMS + bird-band filters
birdclefinat_birdclef_iNat1100711: no window passed the RMS + bird-band filters
birdclefinat_birdclef_iNat1083287: no window passed the RMS + bird-band filters
birdclefinat_birdclef_iNat1157662: no window passed the RMS + bird-band filters
birdclefinat_birdclef_iNat1217393: no window passed the RMS + bird-band filters
birdclefinat_birdclef_iNat1157889: no window passed the RMS + bird-band filters
birdclefinat_birdclef_iNat128875: no window passed the RMS + bird-band filters
birdclefinat_birdclef_iNat1286908: no window passed the RMS + bird-band filters
birdclefinat_birdclef_iNat1157663: no window passed the RMS + bird-band filters
birdclefinat_birdclef_iNat1487398: shorter than 1.0s after trim
birdclefinat_birdclef_iNat1556528: shorter than 1.0s after trim
birdclefinat_birdclef_iNat1550368: no window passed the RMS + bird-band filters
birdclefinat_birdclef_iNat149307: no window passed the RMS + bird-band filters
birdclefinat_birdclef_iNat153145: no window passed the RMS + bird-band filters
birdclefinat_birdclef_iNat1530693: no window passed the RMS + bird-band filters
birdclefinat_birdclef_iNat1691483: shorter than 1.0s after trim
birdclefinat_birdclef_iNat1328088: no window passed the RMS + bird-band filters
birdclefinat_birdclef_iNat1677765: no window passed the RMS + bird-band filters
birdclefinat_birdclef_iNat1653376: no window passed the RMS + bird-band filters
birdclefinat_birdclef_iNat526026: no window passed the RMS + bird-band filters
birdclefinat_birdclef_iNat55347: no window passed the RMS + bird-band filters
birdclefinat_birdclef_iNat55346: no window passed the RMS + bird-band filters
birdclefinat_birdclef_iNat532506: no window passed the RMS + bird-band filters
birdclefinat_birdclef_iNat336662: no window passed the RMS + bird-band filters
birdclefinat_birdclef_iNat789041: no window passed the RMS + bird-band filters
birdclefinat_birdclef_iNat524985: no window passed the RMS + bird-band filters
birdclefinat_birdclef_iNat858157: no window passed the RMS + bird-band filters
birdclefinat_birdclef_iNat817317: no window passed the RMS + bird-band filters
birdclefinat_birdclef_iNat86601: no window passed the RMS + bird-band filters
birdclefinat_birdclef_iNat858158: no window passed the RMS + bird-band filters
birdclefinat_birdclef_iNat805903: no window passed the RMS + bird-band filters
birdclefinat_birdclef_iNat992411: no window passed the RMS + bird-band filters
birdclefinat_birdclef_iNat986760: no window passed the RMS + bird-band filters
birdclefinat_birdclef_iNat995788: no window passed the RMS + bird-band filters
birdclefinat_birdclef_iNat72883: no window passed the RMS + bird-band filters
birdclefinat_birdclef_iNat1671495: no window passed the RMS + bird-band filters
birdclefinat_birdclef_iNat532505: no window passed the RMS + bird-band filters
birdclefinat_birdclef_iNat532509: no window passed the RMS + bird-band filters
birdclefxc_birdclef_XC373637: no window passed the RMS + bird-band filters
birdclefxc_birdclef_XC334493: no window passed the RMS + bird-band filters
birdclefxc_birdclef_XC394268: no window passed the RMS + bird-band filters
birdclefxc_birdclef_XC531226: no window passed the RMS + bird-band filters
birdclefxc_birdclef_XC769448: no window passed the RMS + bird-band filters
birdclefinat_birdclef_iNat1658256: shorter than 1.0s after trim
birdclefinat_birdclef_iNat1737157: shorter than 1.0s after trim
birdclefinat_birdclef_iNat1730049: shorter than 1.0s after trim
birdclefinat_birdclef_iNat1472149: no window passed the RMS + bird-band filters
birdclefxc_birdclef_XC529087: no window passed the RMS + bird-band filters
birdclefxc_birdclef_XC754868: no window passed the RMS + bird-band filters
birdclefinat_birdclef_iNat1050844: shorter than 1.0s after trim
birdclefinat_birdclef_iNat1059623: no window passed the RMS + bird-band filters
birdclefinat_birdclef_iNat1071246: no window passed the RMS + bird-band filters
birdclefinat_birdclef_iNat1050457: no window passed the RMS + bird-band filters
birdclefinat_birdclef_iNat1112131: no window passed the RMS + bird-band filters
birdclefxc_birdclef_XC423647: no window passed the RMS + bird-band filters
birdclefinat_birdclef_iNat1162091: no window passed the RMS + bird-band filters
birdclefinat_birdclef_iNat120672: no window passed the RMS + bird-band filters
birdclefinat_birdclef_iNat1110419: no window passed the RMS + bird-band filters
birdclefinat_birdclef_iNat1309637: shorter than 1.0s after trim
birdclefinat_birdclef_iNat1270978: no window passed the RMS + bird-band filters
birdclefinat_birdclef_iNat1267796: no window passed the RMS + bird-band filters
birdclefinat_birdclef_iNat1229035: no window passed the RMS + bird-band filters
birdclefinat_birdclef_iNat1268991: no window passed the RMS + bird-band filters
birdclefinat_birdclef_iNat1296175: no window passed the RMS + bird-band filters
birdclefxc_birdclef_XC961899: no window passed the RMS + bird-band filters
birdclefinat_birdclef_iNat1491227: shorter than 1.0s after trim
birdclefinat_birdclef_iNat1480534: shorter than 1.0s after trim
birdclefinat_birdclef_iNat1357059: no window passed the RMS + bird-band filters
birdclefinat_birdclef_iNat1491232: shorter than 1.0s after trim
birdclefinat_birdclef_iNat1427418: no window passed the RMS + bird-band filters
birdclefinat_birdclef_iNat1050843: no window passed the RMS + bird-band filters
birdclefinat_birdclef_iNat1416566: no window passed the RMS + bird-band filters
birdclefinat_birdclef_iNat1548013: shorter than 1.0s after trim
birdclefinat_birdclef_iNat1138777: no window passed the RMS + bird-band filters
birdclefinat_birdclef_iNat1378374: no window passed the RMS + bird-band filters
birdclefinat_birdclef_iNat1372793: no window passed the RMS + bird-band filters
birdclefinat_birdclef_iNat1467036: no window passed the RMS + bird-band filters
birdclefinat_birdclef_iNat1566650: no window passed the RMS + bird-band filters
birdclefinat_birdclef_iNat1544703: no window passed the RMS + bird-band filters
birdclefinat_birdclef_iNat1610861: shorter than 1.0s after trim
birdclefinat_birdclef_iNat1596904: no window passed the RMS + bird-band filters
birdclefinat_birdclef_iNat1659173: shorter than 1.0s after trim
birdclefinat_birdclef_iNat1449852: no window passed the RMS + bird-band filters
birdclefinat_birdclef_iNat1229055: no window passed the RMS + bird-band filters
birdclefinat_birdclef_iNat1645804: no window passed the RMS + bird-band filters
birdclefinat_birdclef_iNat1706506: shorter than 1.0s after trim
birdclefinat_birdclef_iNat1572715: no window passed the RMS + bird-band filters
birdclefinat_birdclef_iNat1727819: no window passed the RMS + bird-band filters
birdclefinat_birdclef_iNat193593: no window passed the RMS + bird-band filters
birdclefinat_birdclef_iNat1727816: no window passed the RMS + bird-band filters
birdclefinat_birdclef_iNat137288: no window passed the RMS + bird-band filters
birdclefinat_birdclef_iNat153532: no window passed the RMS + bird-band filters
birdclefinat_birdclef_iNat282761: no window passed the RMS + bird-band filters
birdclefinat_birdclef_iNat1579111: no window passed the RMS + bird-band filters
birdclefinat_birdclef_iNat279069: no window passed the RMS + bird-band filters
birdclefinat_birdclef_iNat1725381: no window passed the RMS + bird-band filters
birdclefinat_birdclef_iNat1579112: no window passed the RMS + bird-band filters
birdclefinat_birdclef_iNat247197: no window passed the RMS + bird-band filters
birdclefinat_birdclef_iNat377845: no window passed the RMS + bird-band filters
birdclefinat_birdclef_iNat367486: no window passed the RMS + bird-band filters
birdclefinat_birdclef_iNat383883: no window passed the RMS + bird-band filters
birdclefinat_birdclef_iNat378809: no window passed the RMS + bird-band filters
birdclefinat_birdclef_iNat377904: no window passed the RMS + bird-band filters
birdclefinat_birdclef_iNat4134: no window passed the RMS + bird-band filters
birdclefinat_birdclef_iNat429621: no window passed the RMS + bird-band filters
birdclefinat_birdclef_iNat514729: shorter than 1.0s after trim
birdclefinat_birdclef_iNat337457: no window passed the RMS + bird-band filters
birdclefinat_birdclef_iNat1415047: no window passed the RMS + bird-band filters
birdclefinat_birdclef_iNat296358: no window passed the RMS + bird-band filters
birdclefinat_birdclef_iNat365636: no window passed the RMS + bird-band filters
birdclefinat_birdclef_iNat50605: no window passed the RMS + bird-band filters
birdclefinat_birdclef_iNat57890: no window passed the RMS + bird-band filters
birdclefinat_birdclef_iNat451208: no window passed the RMS + bird-band filters
birdclefinat_birdclef_iNat552346: no window passed the RMS + bird-band filters
birdclefinat_birdclef_iNat55556: no window passed the RMS + bird-band filters
birdclefinat_birdclef_iNat640134: no window passed the RMS + bird-band filters
birdclefinat_birdclef_iNat718114: no window passed the RMS + bird-band filters
birdclefinat_birdclef_iNat636447: no window passed the RMS + bird-band filters
birdclefinat_birdclef_iNat652072: no window passed the RMS + bird-band filters
birdclefinat_birdclef_iNat623257: no window passed the RMS + bird-band filters
birdclefinat_birdclef_iNat70130: no window passed the RMS + bird-band filters
birdclefinat_birdclef_iNat737553: no window passed the RMS + bird-band filters
birdclefinat_birdclef_iNat87177: no window passed the RMS + bird-band filters
birdclefinat_birdclef_iNat65771: no window passed the RMS + bird-band filters
birdclefinat_birdclef_iNat788791: no window passed the RMS + bird-band filters
birdclefinat_birdclef_iNat892507: no window passed the RMS + bird-band filters
birdclefinat_birdclef_iNat839367: no window passed the RMS + bird-band filters
birdclefinat_birdclef_iNat891208: no window passed the RMS + bird-band filters
birdclefinat_birdclef_iNat770322: no window passed the RMS + bird-band filters
birdclefinat_birdclef_iNat875863: no window passed the RMS + bird-band filters
birdclefinat_birdclef_iNat949825: no window passed the RMS + bird-band filters
birdclefinat_birdclef_iNat884712: no window passed the RMS + bird-band filters
birdclefinat_birdclef_iNat772312: no window passed the RMS + bird-band filters
birdclefinat_birdclef_iNat912068: no window passed the RMS + bird-band filters
birdclefinat_birdclef_iNat704566: no window passed the RMS + bird-band filters
birdclefinat_birdclef_iNat625171: no window passed the RMS + bird-band filters
birdclefinat_birdclef_iNat704565: no window passed the RMS + bird-band filters
birdclefxc_birdclef_XC351291: no window passed the RMS + bird-band filters
birdclefinat_birdclef_iNat842752: no window passed the RMS + bird-band filters
birdclefxc_birdclef_XC321036: no window passed the RMS + bird-band filters
birdclefxc_birdclef_XC696742: shorter than 1.0s after trim
birdclefxc_birdclef_XC740589: no window passed the RMS + bird-band filters
birdclefxc_birdclef_XC855845: no window passed the RMS + bird-band filters
birdclefxc_birdclef_XC700903: no window passed the RMS + bird-band filters
birdclefinat_birdclef_iNat1421727: no window passed the RMS + bird-band filters
birdclefinat_birdclef_iNat1701934: no window passed the RMS + bird-band filters
birdclefinat_birdclef_iNat820949: no window passed the RMS + bird-band filters
birdclefxc_birdclef_XC1043124: no window passed the RMS + bird-band filters
birdclefxc_birdclef_XC103: no window passed the RMS + bird-band filters
birdclefxc_birdclef_XC1035710: no window passed the RMS + bird-band filters
birdclefxc_birdclef_XC359081: no window passed the RMS + bird-band filters
birdclefxc_birdclef_XC838520: no window passed the RMS + bird-band filters
birdclefinat_birdclef_iNat1599088: no window passed the RMS + bird-band filters
birdclefinat_birdclef_iNat1295642: shorter than 1.0s after trim
birdclefinat_birdclef_iNat1299514: shorter than 1.0s after trim
birdclefinat_birdclef_iNat1545766: no window passed the RMS + bird-band filters
birdclefinat_birdclef_iNat1517950: no window passed the RMS + bird-band filters
birdclefinat_birdclef_iNat1720296: no window passed the RMS + bird-band filters
birdclefinat_birdclef_iNat581295: no window passed the RMS + bird-band filters
birdclefinat_birdclef_iNat1572561: no window passed the RMS + bird-band filters
birdclefinat_birdclef_iNat229804: no window passed the RMS + bird-band filters
birdclefinat_birdclef_iNat792221: no window passed the RMS + bird-band filters
birdclefinat_birdclef_iNat294781: no window passed the RMS + bird-band filters
birdclefinat_birdclef_iNat611576: no window passed the RMS + bird-band filters
birdclefinat_birdclef_iNat1236300: no window passed the RMS + bird-band filters
birdclefinat_birdclef_iNat1589934: shorter than 1.0s after trim
birdclefinat_birdclef_iNat1610685: no window passed the RMS + bird-band filters
birdclefinat_birdclef_iNat1594950: no window passed the RMS + bird-band filters
birdclefinat_birdclef_iNat147629: no window passed the RMS + bird-band filters
birdclefinat_birdclef_iNat263100: no window passed the RMS + bird-band filters
birdclefinat_birdclef_iNat155625: no window passed the RMS + bird-band filters
birdclefinat_birdclef_iNat175490: no window passed the RMS + bird-band filters
birdclefinat_birdclef_iNat466723: no window passed the RMS + bird-band filters
birdclefinat_birdclef_iNat512823: no window passed the RMS + bird-band filters
birdclefinat_birdclef_iNat332907: no window passed the RMS + bird-band filters
birdclefinat_birdclef_iNat147770: no window passed the RMS + bird-band filters
birdclefxc_birdclef_XC263875: no window passed the RMS + bird-band filters
birdclefxc_birdclef_XC490760: no window passed the RMS + bird-band filters
birdclefxc_birdclef_XC531198: no window passed the RMS + bird-band filters
birdclefxc_birdclef_XC534362: no window passed the RMS + bird-band filters
birdclefxc_birdclef_XC768855: no window passed the RMS + bird-band filters
birdclefxc_birdclef_XC676461: no window passed the RMS + bird-band filters
birdclefinat_birdclef_iNat1336230: shorter than 1.0s after trim
birdclefinat_birdclef_iNat628793: no window passed the RMS + bird-band filters
birdclefinat_birdclef_iNat1231755: no window passed the RMS + bird-band filters
birdclefxc_birdclef_XC731959: no window passed the RMS + bird-band filters
birdclefxc_birdclef_XC598135: no window passed the RMS + bird-band filters
birdclefinat_birdclef_iNat1697459: no window passed the RMS + bird-band filters
birdclefinat_birdclef_iNat905882: no window passed the RMS + bird-band filters
birdclefinat_birdclef_iNat991441: no window passed the RMS + bird-band filters
birdclefinat_birdclef_iNat557448: no window passed the RMS + bird-band filters
birdclefxc_birdclef_XC704849: no window passed the RMS + bird-band filters
birdclefxc_birdclef_XC813840: no window passed the RMS + bird-band filters
birdclefinat_birdclef_iNat813693: no window passed the RMS + bird-band filters
birdclefxc_birdclef_XC778344: no window passed the RMS + bird-band filters
birdclefinat_birdclef_iNat1653552: no window passed the RMS + bird-band filters
birdclefinat_birdclef_iNat143141: no window passed the RMS + bird-band filters
birdclefinat_birdclef_iNat315411: no window passed the RMS + bird-band filters
birdclefinat_birdclef_iNat341691: no window passed the RMS + bird-band filters
birdclefxc_birdclef_XC1001557: no window passed the RMS + bird-band filters
birdclefinat_birdclef_iNat1428711: shorter than 1.0s after trim
birdclefinat_birdclef_iNat1424302: shorter than 1.0s after trim
birdclefinat_birdclef_iNat1540294: shorter than 1.0s after trim
birdclefinat_birdclef_iNat228765: shorter than 1.0s after trim
birdclefinat_birdclef_iNat76147: no window passed the RMS + bird-band filters
birdclefinat_birdclef_iNat887014: no window passed the RMS + bird-band filters
birdclefinat_birdclef_iNat44513: no window passed the RMS + bird-band filters
birdclefinat_birdclef_iNat784552: no window passed the RMS + bird-band filters
birdclefxc_birdclef_XC760919: no window passed the RMS + bird-band filters
birdclefxc_birdclef_XC863913: no window passed the RMS + bird-band filters
birdclefxc_birdclef_XC343088: no window passed the RMS + bird-band filters
birdclefxc_birdclef_XC173805: no window passed the RMS + bird-band filters
birdclefxc_birdclef_XC343089: no window passed the RMS + bird-band filters
birdclefxc_birdclef_XC992387: no window passed the RMS + bird-band filters
birdclefinat_birdclef_iNat1022623: no window passed the RMS + bird-band filters
birdclefinat_birdclef_iNat1167591: shorter than 1.0s after trim
birdclefinat_birdclef_iNat1167589: no window passed the RMS + bird-band filters
birdclefxc_birdclef_XC628245: no window passed the RMS + bird-band filters
birdclefinat_birdclef_iNat1224756: no window passed the RMS + bird-band filters
birdclefinat_birdclef_iNat1286904: no window passed the RMS + bird-band filters
birdclefinat_birdclef_iNat1227366: no window passed the RMS + bird-band filters
birdclefinat_birdclef_iNat1211124: no window passed the RMS + bird-band filters
birdclefinat_birdclef_iNat143948: no window passed the RMS + bird-band filters
birdclefinat_birdclef_iNat1524025: no window passed the RMS + bird-band filters
birdclefinat_birdclef_iNat156108: no window passed the RMS + bird-band filters
birdclefinat_birdclef_iNat1285585: no window passed the RMS + bird-band filters
birdclefinat_birdclef_iNat1593769: no window passed the RMS + bird-band filters
birdclefinat_birdclef_iNat159652: no window passed the RMS + bird-band filters
birdclefinat_birdclef_iNat158609: no window passed the RMS + bird-band filters
birdclefinat_birdclef_iNat1637929: shorter than 1.0s after trim
birdclefinat_birdclef_iNat1524026: no window passed the RMS + bird-band filters
birdclefinat_birdclef_iNat1524024: no window passed the RMS + bird-band filters
birdclefinat_birdclef_iNat1245895: no window passed the RMS + bird-band filters
birdclefinat_birdclef_iNat1710475: shorter than 1.0s after trim
birdclefinat_birdclef_iNat161590: no window passed the RMS + bird-band filters
birdclefinat_birdclef_iNat127772: no window passed the RMS + bird-band filters
birdclefinat_birdclef_iNat1646343: no window passed the RMS + bird-band filters
birdclefinat_birdclef_iNat127278: no window passed the RMS + bird-band filters
birdclefinat_birdclef_iNat1623785: no window passed the RMS + bird-band filters
birdclefinat_birdclef_iNat159711: no window passed the RMS + bird-band filters
birdclefinat_birdclef_iNat252353: no window passed the RMS + bird-band filters
birdclefinat_birdclef_iNat288028: no window passed the RMS + bird-band filters
birdclefinat_birdclef_iNat16978: no window passed the RMS + bird-band filters
birdclefinat_birdclef_iNat310737: no window passed the RMS + bird-band filters
birdclefinat_birdclef_iNat310736: no window passed the RMS + bird-band filters
birdclefinat_birdclef_iNat328745: no window passed the RMS + bird-band filters
birdclefinat_birdclef_iNat395438: shorter than 1.0s after trim
birdclefinat_birdclef_iNat348893: no window passed the RMS + bird-band filters
birdclefinat_birdclef_iNat288029: no window passed the RMS + bird-band filters
birdclefinat_birdclef_iNat1323379: no window passed the RMS + bird-band filters
birdclefinat_birdclef_iNat167273: no window passed the RMS + bird-band filters
birdclefinat_birdclef_iNat161184: no window passed the RMS + bird-band filters
birdclefinat_birdclef_iNat177206: no window passed the RMS + bird-band filters
birdclefinat_birdclef_iNat507535: no window passed the RMS + bird-band filters
birdclefinat_birdclef_iNat550264: no window passed the RMS + bird-band filters
birdclefinat_birdclef_iNat507446: no window passed the RMS + bird-band filters
birdclefinat_birdclef_iNat55349: no window passed the RMS + bird-band filters
birdclefinat_birdclef_iNat571717: no window passed the RMS + bird-band filters
birdclefinat_birdclef_iNat647366: no window passed the RMS + bird-band filters
birdclefinat_birdclef_iNat550265: no window passed the RMS + bird-band filters
birdclefxc_birdclef_XC802557: no window passed the RMS + bird-band filters
birdclefinat_birdclef_iNat523332: no window passed the RMS + bird-band filters
birdclefinat_birdclef_iNat782270: shorter than 1.0s after trim
birdclefinat_birdclef_iNat782291: shorter than 1.0s after trim
birdclefinat_birdclef_iNat304004: no window passed the RMS + bird-band filters
birdclefinat_birdclef_iNat593142: no window passed the RMS + bird-band filters
birdclefinat_birdclef_iNat826415: shorter than 1.0s after trim
birdclefinat_birdclef_iNat1524028: no window passed the RMS + bird-band filters
birdclefinat_birdclef_iNat550261: no window passed the RMS + bird-band filters
birdclefinat_birdclef_iNat550262: no window passed the RMS + bird-band filters
birdclefinat_birdclef_iNat808218: no window passed the RMS + bird-band filters
birdclefinat_birdclef_iNat905814: shorter than 1.0s after trim
birdclefinat_birdclef_iNat657765: no window passed the RMS + bird-band filters
birdclefinat_birdclef_iNat844498: no window passed the RMS + bird-band filters
birdclefinat_birdclef_iNat858669: no window passed the RMS + bird-band filters
birdclefinat_birdclef_iNat803895: no window passed the RMS + bird-band filters
birdclefinat_birdclef_iNat826419: no window passed the RMS + bird-band filters
birdclefinat_birdclef_iNat880818: no window passed the RMS + bird-band filters
birdclefinat_birdclef_iNat55348: no window passed the RMS + bird-band filters
birdclefinat_birdclef_iNat926820: no window passed the RMS + bird-band filters
birdclefinat_birdclef_iNat801274: no window passed the RMS + bird-band filters
birdclefinat_birdclef_iNat867353: no window passed the RMS + bird-band filters
birdclefinat_birdclef_iNat1524027: no window passed the RMS + bird-band filters
birdclefinat_birdclef_iNat853060: no window passed the RMS + bird-band filters
birdclefinat_birdclef_iNat624794: no window passed the RMS + bird-band filters
birdclefxc_birdclef_XC180412: no window passed the RMS + bird-band filters
birdclefinat_birdclef_iNat885221: no window passed the RMS + bird-band filters
birdclefxc_birdclef_XC279746: no window passed the RMS + bird-band filters
birdclefinat_birdclef_iNat789515: no window passed the RMS + bird-band filters
birdclefinat_birdclef_iNat783503: no window passed the RMS + bird-band filters
birdclefinat_birdclef_iNat988913: no window passed the RMS + bird-band filters
birdclefxc_birdclef_XC383050: no window passed the RMS + bird-band filters
birdclefxc_birdclef_XC334220: no window passed the RMS + bird-band filters
birdclefxc_birdclef_XC181307: no window passed the RMS + bird-band filters
birdclefxc_birdclef_XC357446: no window passed the RMS + bird-band filters
birdclefxc_birdclef_XC659894: no window passed the RMS + bird-band filters
birdclefxc_birdclef_XC498112: no window passed the RMS + bird-band filters
birdclefxc_birdclef_XC965378: no window passed the RMS + bird-band filters
birdclefinat_birdclef_iNat1166887: no window passed the RMS + bird-band filters
birdclefxc_birdclef_XC983466: no window passed the RMS + bird-band filters
birdclefinat_birdclef_iNat1268738: shorter than 1.0s after trim
birdclefinat_birdclef_iNat1242998: no window passed the RMS + bird-band filters
birdclefinat_birdclef_iNat1203854: no window passed the RMS + bird-band filters
birdclefinat_birdclef_iNat1294212: shorter than 1.0s after trim
birdclefinat_birdclef_iNat1276338: no window passed the RMS + bird-band filters
birdclefinat_birdclef_iNat122202: no window passed the RMS + bird-band filters
birdclefinat_birdclef_iNat1321681: shorter than 1.0s after trim
birdclefinat_birdclef_iNat1308425: no window passed the RMS + bird-band filters
birdclefinat_birdclef_iNat1192928: no window passed the RMS + bird-band filters
birdclefinat_birdclef_iNat1031086: no window passed the RMS + bird-band filters
birdclefinat_birdclef_iNat1369171: no window passed the RMS + bird-band filters
birdclefinat_birdclef_iNat1306618: no window passed the RMS + bird-band filters
birdclefinat_birdclef_iNat138260: no window passed the RMS + bird-band filters
birdclefinat_birdclef_iNat1273520: no window passed the RMS + bird-band filters
birdclefinat_birdclef_iNat1591339: shorter than 1.0s after trim
birdclefinat_birdclef_iNat1599244: shorter than 1.0s after trim
birdclefinat_birdclef_iNat1211648: no window passed the RMS + bird-band filters
birdclefinat_birdclef_iNat1623767: shorter than 1.0s after trim
birdclefinat_birdclef_iNat1584558: no window passed the RMS + bird-band filters
birdclefinat_birdclef_iNat155038: no window passed the RMS + bird-band filters
birdclefinat_birdclef_iNat1672503: shorter than 1.0s after trim
birdclefinat_birdclef_iNat1625100: no window passed the RMS + bird-band filters
birdclefinat_birdclef_iNat1603495: no window passed the RMS + bird-band filters
birdclefinat_birdclef_iNat1616398: no window passed the RMS + bird-band filters
birdclefinat_birdclef_iNat1685717: no window passed the RMS + bird-band filters
birdclefinat_birdclef_iNat18972: no window passed the RMS + bird-band filters
birdclefinat_birdclef_iNat17986: no window passed the RMS + bird-band filters
birdclefinat_birdclef_iNat1725384: no window passed the RMS + bird-band filters
birdclefxc_birdclef_XC978122: no window passed the RMS + bird-band filters
birdclefinat_birdclef_iNat307534: no window passed the RMS + bird-band filters
birdclefinat_birdclef_iNat385462: no window passed the RMS + bird-band filters
birdclefinat_birdclef_iNat382306: no window passed the RMS + bird-band filters
birdclefinat_birdclef_iNat448048: no window passed the RMS + bird-band filters
birdclefinat_birdclef_iNat373873: no window passed the RMS + bird-band filters
birdclefinat_birdclef_iNat443284: no window passed the RMS + bird-band filters
birdclefinat_birdclef_iNat343721: no window passed the RMS + bird-band filters
birdclefinat_birdclef_iNat554160: no window passed the RMS + bird-band filters
birdclefinat_birdclef_iNat450348: no window passed the RMS + bird-band filters
birdclefinat_birdclef_iNat595908: no window passed the RMS + bird-band filters
birdclefinat_birdclef_iNat610820: no window passed the RMS + bird-band filters
birdclefinat_birdclef_iNat663104: no window passed the RMS + bird-band filters
birdclefinat_birdclef_iNat559416: no window passed the RMS + bird-band filters
birdclefinat_birdclef_iNat588996: no window passed the RMS + bird-band filters
birdclefinat_birdclef_iNat602171: no window passed the RMS + bird-band filters
birdclefinat_birdclef_iNat696309: no window passed the RMS + bird-band filters
birdclefinat_birdclef_iNat906072: no window passed the RMS + bird-band filters
birdclefinat_birdclef_iNat766421: no window passed the RMS + bird-band filters
birdclefinat_birdclef_iNat888828: no window passed the RMS + bird-band filters
birdclefinat_birdclef_iNat946279: shorter than 1.0s after trim
birdclefinat_birdclef_iNat497065: no window passed the RMS + bird-band filters
birdclefinat_birdclef_iNat905459: no window passed the RMS + bird-band filters
birdclefinat_birdclef_iNat44508: no window passed the RMS + bird-band filters
birdclefinat_birdclef_iNat834540: no window passed the RMS + bird-band filters
birdclefinat_birdclef_iNat965031: no window passed the RMS + bird-band filters
birdclefinat_birdclef_iNat939685: no window passed the RMS + bird-band filters
birdclefinat_birdclef_iNat210020: no window passed the RMS + bird-band filters
birdclefxc_birdclef_XC265244: no window passed the RMS + bird-band filters
birdclefxc_birdclef_XC506893: no window passed the RMS + bird-band filters
birdclefxc_birdclef_XC604849: no window passed the RMS + bird-band filters
birdclefxc_birdclef_XC573313: no window passed the RMS + bird-band filters
birdclefxc_birdclef_XC688820: no window passed the RMS + bird-band filters
birdclefinat_birdclef_iNat1231155: no window passed the RMS + bird-band filters
birdclefinat_birdclef_iNat1231157: no window passed the RMS + bird-band filters
birdclefinat_birdclef_iNat1231158: no window passed the RMS + bird-band filters
birdclefinat_birdclef_iNat1244084: no window passed the RMS + bird-band filters
birdclefinat_birdclef_iNat1660624: shorter than 1.0s after trim
birdclefinat_birdclef_iNat1668960: shorter than 1.0s after trim
birdclefinat_birdclef_iNat1595958: no window passed the RMS + bird-band filters
birdclefinat_birdclef_iNat1617211: no window passed the RMS + bird-band filters
birdclefinat_birdclef_iNat1653379: no window passed the RMS + bird-band filters
birdclefinat_birdclef_iNat1688410: no window passed the RMS + bird-band filters
birdclefinat_birdclef_iNat1690538: no window passed the RMS + bird-band filters
birdclefinat_birdclef_iNat199031: no window passed the RMS + bird-band filters
birdclefinat_birdclef_iNat340802: no window passed the RMS + bird-band filters
birdclefinat_birdclef_iNat172621: no window passed the RMS + bird-band filters
birdclefinat_birdclef_iNat159073: no window passed the RMS + bird-band filters
birdclefinat_birdclef_iNat319291: no window passed the RMS + bird-band filters
birdclefinat_birdclef_iNat1694140: no window passed the RMS + bird-band filters
birdclefinat_birdclef_iNat571563: no window passed the RMS + bird-band filters
birdclefinat_birdclef_iNat834373: no window passed the RMS + bird-band filters
birdclefinat_birdclef_iNat1239396: no window passed the RMS + bird-band filters
birdclefinat_birdclef_iNat828614: no window passed the RMS + bird-band filters
birdclefinat_birdclef_iNat856391: no window passed the RMS + bird-band filters
birdclefinat_birdclef_iNat1677926: no window passed the RMS + bird-band filters
birdclefinat_birdclef_iNat61935: no window passed the RMS + bird-band filters
birdclefinat_birdclef_iNat580356: no window passed the RMS + bird-band filters
birdclefinat_birdclef_iNat580381: no window passed the RMS + bird-band filters
birdclefinat_birdclef_iNat339097: no window passed the RMS + bird-band filters
birdclefinat_birdclef_iNat1265108: no window passed the RMS + bird-band filters
birdclefxc_birdclef_XC335210: no window passed the RMS + bird-band filters
birdclefxc_birdclef_XC604949: no window passed the RMS + bird-band filters
birdclefinat_birdclef_iNat1277382: shorter than 1.0s after trim
birdclefinat_birdclef_iNat1126601: no window passed the RMS + bird-band filters
birdclefinat_birdclef_iNat138603: no window passed the RMS + bird-band filters
birdclefxc_birdclef_XC995219: no window passed the RMS + bird-band filters
birdclefinat_birdclef_iNat1459456: no window passed the RMS + bird-band filters
birdclefinat_birdclef_iNat1226832: no window passed the RMS + bird-band filters
birdclefinat_birdclef_iNat1460178: no window passed the RMS + bird-band filters
birdclefinat_birdclef_iNat1678524: shorter than 1.0s after trim
birdclefinat_birdclef_iNat1684518: shorter than 1.0s after trim
birdclefinat_birdclef_iNat151718: no window passed the RMS + bird-band filters
birdclefinat_birdclef_iNat1672157: no window passed the RMS + bird-band filters
birdclefinat_birdclef_iNat1693777: shorter than 1.0s after trim
birdclefinat_birdclef_iNat1684746: no window passed the RMS + bird-band filters
birdclefinat_birdclef_iNat1684671: no window passed the RMS + bird-band filters
birdclefinat_birdclef_iNat1684764: no window passed the RMS + bird-band filters
birdclefinat_birdclef_iNat555750: no window passed the RMS + bird-band filters
birdclefinat_birdclef_iNat585988: no window passed the RMS + bird-band filters
birdclefinat_birdclef_iNat568266: no window passed the RMS + bird-band filters
birdclefinat_birdclef_iNat757918: no window passed the RMS + bird-band filters
birdclefinat_birdclef_iNat529182: no window passed the RMS + bird-band filters
birdclefinat_birdclef_iNat835797: no window passed the RMS + bird-band filters
birdclefinat_birdclef_iNat841349: no window passed the RMS + bird-band filters
birdclefinat_birdclef_iNat841352: no window passed the RMS + bird-band filters
birdclefxc_birdclef_XC354488: no window passed the RMS + bird-band filters
birdclefinat_birdclef_iNat580377: no window passed the RMS + bird-band filters
birdclefinat_birdclef_iNat572620: no window passed the RMS + bird-band filters
birdclefxc_birdclef_XC195924: no window passed the RMS + bird-band filters
birdclefxc_birdclef_XC1016162: no window passed the RMS + bird-band filters
birdclefinat_birdclef_iNat384220: shorter than 1.0s after trim
birdclefxc_birdclef_XC777758: no window passed the RMS + bird-band filters
birdclefinat_birdclef_iNat1063619: no window passed the RMS + bird-band filters
birdclefxc_birdclef_XC995496: no window passed the RMS + bird-band filters
birdclefinat_birdclef_iNat1592245: shorter than 1.0s after trim
birdclefinat_birdclef_iNat1063621: no window passed the RMS + bird-band filters
birdclefinat_birdclef_iNat1624630: no window passed the RMS + bird-band filters
birdclefinat_birdclef_iNat1063620: no window passed the RMS + bird-band filters
birdclefinat_birdclef_iNat649978: shorter than 1.0s after trim
birdclefinat_birdclef_iNat729632: no window passed the RMS + bird-band filters
birdclefinat_birdclef_iNat777384: no window passed the RMS + bird-band filters
birdclefxc_birdclef_XC898533: no window passed the RMS + bird-band filters
birdclefinat_birdclef_iNat1285873: no window passed the RMS + bird-band filters
birdclefinat_birdclef_iNat1481267: no window passed the RMS + bird-band filters
birdclefinat_birdclef_iNat1310866: no window passed the RMS + bird-band filters
birdclefinat_birdclef_iNat1207572: no window passed the RMS + bird-band filters
birdclefinat_birdclef_iNat1738901: shorter than 1.0s after trim
birdclefinat_birdclef_iNat1676413: no window passed the RMS + bird-band filters
birdclefinat_birdclef_iNat1629119: no window passed the RMS + bird-band filters
birdclefinat_birdclef_iNat1677842: no window passed the RMS + bird-band filters
birdclefinat_birdclef_iNat1114579: no window passed the RMS + bird-band filters
birdclefinat_birdclef_iNat1329858: no window passed the RMS + bird-band filters
birdclefinat_birdclef_iNat54994: no window passed the RMS + bird-band filters
birdclefinat_birdclef_iNat1628736: no window passed the RMS + bird-band filters
birdclefinat_birdclef_iNat815066: no window passed the RMS + bird-band filters
birdclefxc_birdclef_XC1006642: no window passed the RMS + bird-band filters
birdclefinat_birdclef_iNat1263159: no window passed the RMS + bird-band filters
birdclefinat_birdclef_iNat878879: no window passed the RMS + bird-band filters
birdclefinat_birdclef_iNat942225: no window passed the RMS + bird-band filters
birdclefxc_birdclef_XC394271: no window passed the RMS + bird-band filters
birdclefxc_birdclef_XC659707: no window passed the RMS + bird-band filters
birdclefxc_birdclef_XC658490: no window passed the RMS + bird-band filters
birdclefxc_birdclef_XC830533: no window passed the RMS + bird-band filters
birdclefxc_birdclef_XC714014: no window passed the RMS + bird-band filters
birdclefinat_birdclef_iNat167857: no window passed the RMS + bird-band filters
birdclefxc_birdclef_XC495829: no window passed the RMS + bird-band filters
birdclefinat_birdclef_iNat1006174: no window passed the RMS + bird-band filters
birdclefinat_birdclef_iNat1240485: shorter than 1.0s after trim
birdclefinat_birdclef_iNat1224500: no window passed the RMS + bird-band filters
birdclefinat_birdclef_iNat1224410: no window passed the RMS + bird-band filters
birdclefinat_birdclef_iNat1287848: shorter than 1.0s after trim
birdclefinat_birdclef_iNat1270399: no window passed the RMS + bird-band filters
birdclefinat_birdclef_iNat1308138: shorter than 1.0s after trim
birdclefinat_birdclef_iNat1033555: no window passed the RMS + bird-band filters
birdclefinat_birdclef_iNat1254911: no window passed the RMS + bird-band filters
birdclefinat_birdclef_iNat1335628: shorter than 1.0s after trim
birdclefinat_birdclef_iNat1306495: no window passed the RMS + bird-band filters
birdclefinat_birdclef_iNat1055474: no window passed the RMS + bird-band filters
birdclefinat_birdclef_iNat1224414: no window passed the RMS + bird-band filters
birdclefinat_birdclef_iNat133178: no window passed the RMS + bird-band filters
birdclefinat_birdclef_iNat1304783: no window passed the RMS + bird-band filters
birdclefinat_birdclef_iNat1347765: no window passed the RMS + bird-band filters
birdclefinat_birdclef_iNat1664968: shorter than 1.0s after trim
birdclefinat_birdclef_iNat1580576: no window passed the RMS + bird-band filters
birdclefinat_birdclef_iNat1711295: shorter than 1.0s after trim
birdclefinat_birdclef_iNat1432041: no window passed the RMS + bird-band filters
birdclefinat_birdclef_iNat140544: no window passed the RMS + bird-band filters
birdclefinat_birdclef_iNat1738605: shorter than 1.0s after trim
birdclefinat_birdclef_iNat1700111: no window passed the RMS + bird-band filters
birdclefinat_birdclef_iNat179203: no window passed the RMS + bird-band filters
birdclefinat_birdclef_iNat23313: no window passed the RMS + bird-band filters
birdclefinat_birdclef_iNat293673: no window passed the RMS + bird-band filters
birdclefinat_birdclef_iNat306689: no window passed the RMS + bird-band filters
birdclefinat_birdclef_iNat16743: no window passed the RMS + bird-band filters
birdclefinat_birdclef_iNat179616: no window passed the RMS + bird-band filters
birdclefinat_birdclef_iNat19410: no window passed the RMS + bird-band filters
birdclefinat_birdclef_iNat191834: no window passed the RMS + bird-band filters
birdclefinat_birdclef_iNat200784: no window passed the RMS + bird-band filters
birdclefinat_birdclef_iNat187679: no window passed the RMS + bird-band filters
birdclefinat_birdclef_iNat342713: no window passed the RMS + bird-band filters
birdclefinat_birdclef_iNat1374284: no window passed the RMS + bird-band filters
birdclefinat_birdclef_iNat353492: no window passed the RMS + bird-band filters
birdclefinat_birdclef_iNat1681293: no window passed the RMS + bird-band filters
birdclefinat_birdclef_iNat365513: no window passed the RMS + bird-band filters
birdclefinat_birdclef_iNat399490: no window passed the RMS + bird-band filters
birdclefinat_birdclef_iNat365512: no window passed the RMS + bird-band filters
birdclefinat_birdclef_iNat364779: no window passed the RMS + bird-band filters
birdclefinat_birdclef_iNat338214: no window passed the RMS + bird-band filters
birdclefinat_birdclef_iNat514952: no window passed the RMS + bird-band filters
birdclefinat_birdclef_iNat450214: no window passed the RMS + bird-band filters
birdclefinat_birdclef_iNat375890: no window passed the RMS + bird-band filters
birdclefinat_birdclef_iNat55414: no window passed the RMS + bird-band filters
birdclefinat_birdclef_iNat578496: no window passed the RMS + bird-band filters
birdclefinat_birdclef_iNat57044: no window passed the RMS + bird-band filters
birdclefinat_birdclef_iNat400148: no window passed the RMS + bird-band filters
birdclefinat_birdclef_iNat1734616: no window passed the RMS + bird-band filters
birdclefinat_birdclef_iNat440194: no window passed the RMS + bird-band filters
birdclefinat_birdclef_iNat58979: no window passed the RMS + bird-band filters
birdclefinat_birdclef_iNat308577: no window passed the RMS + bird-band filters
birdclefinat_birdclef_iNat65801: no window passed the RMS + bird-band filters
birdclefinat_birdclef_iNat582452: no window passed the RMS + bird-band filters
birdclefinat_birdclef_iNat748757: no window passed the RMS + bird-band filters
birdclefinat_birdclef_iNat863290: no window passed the RMS + bird-band filters
birdclefinat_birdclef_iNat562444: no window passed the RMS + bird-band filters
birdclefinat_birdclef_iNat858455: no window passed the RMS + bird-band filters
birdclefinat_birdclef_iNat810405: no window passed the RMS + bird-band filters
birdclefinat_birdclef_iNat83955: no window passed the RMS + bird-band filters
birdclefinat_birdclef_iNat943669: no window passed the RMS + bird-band filters
birdclefinat_birdclef_iNat857318: no window passed the RMS + bird-band filters
birdclefinat_birdclef_iNat679107: no window passed the RMS + bird-band filters
birdclefinat_birdclef_iNat908800: no window passed the RMS + bird-band filters
birdclefinat_birdclef_iNat927976: no window passed the RMS + bird-band filters
birdclefinat_birdclef_iNat557440: no window passed the RMS + bird-band filters
birdclefinat_birdclef_iNat898730: no window passed the RMS + bird-band filters
birdclefxc_birdclef_XC360837: no window passed the RMS + bird-band filters
birdclefxc_birdclef_XC583425: no window passed the RMS + bird-band filters
birdclefxc_birdclef_XC694338: no window passed the RMS + bird-band filters
birdclefxc_birdclef_XC678380: no window passed the RMS + bird-band filters
birdclefxc_birdclef_XC1019637: no window passed the RMS + bird-band filters
birdclefxc_birdclef_XC1037347: no window passed the RMS + bird-band filters
birdclefinat_birdclef_iNat763626: no window passed the RMS + bird-band filters
birdclefinat_birdclef_iNat1547902: no window passed the RMS + bird-band filters
birdclefxc_birdclef_XC457513: no window passed the RMS + bird-band filters
birdclefxc_birdclef_XC761723: no window passed the RMS + bird-band filters
birdclefinat_birdclef_iNat1193130: shorter than 1.0s after trim
birdclefinat_birdclef_iNat871016: no window passed the RMS + bird-band filters
birdclefinat_birdclef_iNat1518620: shorter than 1.0s after trim
birdclefxc_birdclef_XC673970: no window passed the RMS + bird-band filters
birdclefinat_birdclef_iNat397531: no window passed the RMS + bird-band filters
birdclefinat_birdclef_iNat515967: no window passed the RMS + bird-band filters
birdclefxc_birdclef_XC1006647: no window passed the RMS + bird-band filters
birdclefxc_birdclef_XC1035728: no window passed the RMS + bird-band filters
birdclefinat_birdclef_iNat906109: no window passed the RMS + bird-band filters
birdclefinat_birdclef_iNat364760: no window passed the RMS + bird-band filters
birdclefxc_birdclef_XC1035107: no window passed the RMS + bird-band filters
birdclefxc_birdclef_XC202259: no window passed the RMS + bird-band filters
birdclefxc_birdclef_XC738983: no window passed the RMS + bird-band filters
birdclefxc_birdclef_XC837877: no window passed the RMS + bird-band filters
birdclefxc_birdclef_XC955358: no window passed the RMS + bird-band filters
birdclefinat_birdclef_iNat1533404: no window passed the RMS + bird-band filters
birdclefinat_birdclef_iNat1616545: no window passed the RMS + bird-band filters
birdclefinat_birdclef_iNat1593205: no window passed the RMS + bird-band filters
birdclefinat_birdclef_iNat1703926: no window passed the RMS + bird-band filters
birdclefinat_birdclef_iNat826489: no window passed the RMS + bird-band filters
birdclefinat_birdclef_iNat699925: no window passed the RMS + bird-band filters
birdclefinat_birdclef_iNat850400: no window passed the RMS + bird-band filters
birdclefinat_birdclef_iNat826488: no window passed the RMS + bird-band filters
birdclefinat_birdclef_iNat1349850: shorter than 1.0s after trim
birdclefinat_birdclef_iNat1673888: shorter than 1.0s after trim
birdclefinat_birdclef_iNat1200822: no window passed the RMS + bird-band filters
birdclefinat_birdclef_iNat1200817: no window passed the RMS + bird-band filters
birdclefinat_birdclef_iNat1564310: no window passed the RMS + bird-band filters
birdclefinat_birdclef_iNat1559570: no window passed the RMS + bird-band filters
birdclefinat_birdclef_iNat577031: no window passed the RMS + bird-band filters
birdclefinat_birdclef_iNat308374: no window passed the RMS + bird-band filters
birdclefinat_birdclef_iNat557889: no window passed the RMS + bird-band filters
birdclefinat_birdclef_iNat817722: no window passed the RMS + bird-band filters
birdclefxc_birdclef_XC902473: no window passed the RMS + bird-band filters
birdclefinat_birdclef_iNat992404: no window passed the RMS + bird-band filters
birdclefxc_birdclef_XC838063: no window passed the RMS + bird-band filters
birdclefxc_birdclef_XC863915: no window passed the RMS + bird-band filters
birdclefinat_birdclef_iNat1460156: no window passed the RMS + bird-band filters
birdclefinat_birdclef_iNat1614411: shorter than 1.0s after trim
birdclefinat_birdclef_iNat1632581: shorter than 1.0s after trim
birdclefinat_birdclef_iNat1231754: no window passed the RMS + bird-band filters
birdclefinat_birdclef_iNat1644284: shorter than 1.0s after trim
birdclefinat_birdclef_iNat1684967: no window passed the RMS + bird-band filters
birdclefinat_birdclef_iNat320865: no window passed the RMS + bird-band filters
birdclefinat_birdclef_iNat1635552: no window passed the RMS + bird-band filters
birdclefinat_birdclef_iNat580359: no window passed the RMS + bird-band filters
birdclefinat_birdclef_iNat807886: no window passed the RMS + bird-band filters
birdclefinat_birdclef_iNat769897: no window passed the RMS + bird-band filters
birdclefinat_birdclef_iNat850401: no window passed the RMS + bird-band filters
birdclefinat_birdclef_iNat1644279: no window passed the RMS + bird-band filters
birdclefinat_birdclef_iNat924950: no window passed the RMS + bird-band filters
birdclefxc_birdclef_XC393402: no window passed the RMS + bird-band filters
birdclefxc_birdclef_XC749039: no window passed the RMS + bird-band filters
birdclefxc_birdclef_XC754870: no window passed the RMS + bird-band filters
birdclefinat_birdclef_iNat371897: no window passed the RMS + bird-band filters
birdclefxc_birdclef_XC301049: no window passed the RMS + bird-band filters
birdclefinat_birdclef_iNat1296913: no window passed the RMS + bird-band filters
birdclefinat_birdclef_iNat1281188: no window passed the RMS + bird-band filters
birdclefinat_birdclef_iNat1508328: shorter than 1.0s after trim
birdclefinat_birdclef_iNat1635481: shorter than 1.0s after trim
birdclefinat_birdclef_iNat1435991: no window passed the RMS + bird-band filters
birdclefinat_birdclef_iNat172551: no window passed the RMS + bird-band filters
birdclefinat_birdclef_iNat1193208: no window passed the RMS + bird-band filters
birdclefinat_birdclef_iNat1316046: no window passed the RMS + bird-band filters
birdclefinat_birdclef_iNat321959: no window passed the RMS + bird-band filters
birdclefinat_birdclef_iNat1449768: no window passed the RMS + bird-band filters
birdclefinat_birdclef_iNat520906: no window passed the RMS + bird-band filters
birdclefinat_birdclef_iNat346954: no window passed the RMS + bird-band filters
birdclefinat_birdclef_iNat357281: no window passed the RMS + bird-band filters
birdclefinat_birdclef_iNat592599: no window passed the RMS + bird-band filters
birdclefinat_birdclef_iNat936816: shorter than 1.0s after trim
birdclefinat_birdclef_iNat557885: no window passed the RMS + bird-band filters
birdclefinat_birdclef_iNat847884: no window passed the RMS + bird-band filters
birdclefinat_birdclef_iNat206738: no window passed the RMS + bird-band filters
birdclefinat_birdclef_iNat500034: no window passed the RMS + bird-band filters
birdclefinat_birdclef_iNat53660: no window passed the RMS + bird-band filters
birdclefxc_birdclef_XC203134: no window passed the RMS + bird-band filters
birdclefxc_birdclef_XC277462: no window passed the RMS + bird-band filters
birdclefxc_birdclef_XC419095: no window passed the RMS + bird-band filters
birdclefxc_birdclef_XC419100: no window passed the RMS + bird-band filters
birdclefxc_birdclef_XC837445: no window passed the RMS + bird-band filters
birdclefxc_birdclef_XC872646: no window passed the RMS + bird-band filters
birdclefxc_birdclef_XC872678: no window passed the RMS + bird-band filters
birdclefxc_birdclef_XC898536: no window passed the RMS + bird-band filters
birdclefinat_birdclef_iNat1231355: shorter than 1.0s after trim
birdclefinat_birdclef_iNat1445578: no window passed the RMS + bird-band filters
birdclefinat_birdclef_iNat439395: no window passed the RMS + bird-band filters
birdclefinat_birdclef_iNat1306252: no window passed the RMS + bird-band filters
birdclefxc_birdclef_XC1059175: no window passed the RMS + bird-band filters
birdclefxc_birdclef_XC391889: no window passed the RMS + bird-band filters
birdclefxc_birdclef_XC170549: no window passed the RMS + bird-band filters
birdclefxc_birdclef_XC436162: no window passed the RMS + bird-band filters
birdclefxc_birdclef_XC925587: shorter than 1.0s after trim
birdclefinat_birdclef_iNat1209312: shorter than 1.0s after trim
birdclefinat_birdclef_iNat1254684: no window passed the RMS + bird-band filters
birdclefinat_birdclef_iNat1279051: no window passed the RMS + bird-band filters
birdclefinat_birdclef_iNat1209311: no window passed the RMS + bird-band filters
birdclefinat_birdclef_iNat1287344: no window passed the RMS + bird-band filters
birdclefinat_birdclef_iNat1391832: shorter than 1.0s after trim
birdclefinat_birdclef_iNat1400476: shorter than 1.0s after trim
birdclefinat_birdclef_iNat1353864: no window passed the RMS + bird-band filters
birdclefinat_birdclef_iNat1318884: no window passed the RMS + bird-band filters
birdclefinat_birdclef_iNat1409435: no window passed the RMS + bird-band filters
birdclefinat_birdclef_iNat1336487: no window passed the RMS + bird-band filters
birdclefinat_birdclef_iNat1294926: no window passed the RMS + bird-band filters
birdclefinat_birdclef_iNat1104395: no window passed the RMS + bird-band filters
birdclefinat_birdclef_iNat1572002: shorter than 1.0s after trim
birdclefinat_birdclef_iNat1035217: no window passed the RMS + bird-band filters
birdclefinat_birdclef_iNat129847: no window passed the RMS + bird-band filters
birdclefinat_birdclef_iNat151527: no window passed the RMS + bird-band filters
birdclefinat_birdclef_iNat1482504: no window passed the RMS + bird-band filters
birdclefinat_birdclef_iNat1623199: shorter than 1.0s after trim
birdclefinat_birdclef_iNat1663561: shorter than 1.0s after trim
birdclefinat_birdclef_iNat1667823: shorter than 1.0s after trim
birdclefinat_birdclef_iNat1690035: shorter than 1.0s after trim
birdclefinat_birdclef_iNat1631701: no window passed the RMS + bird-band filters
birdclefinat_birdclef_iNat160421: no window passed the RMS + bird-band filters
birdclefinat_birdclef_iNat1656841: no window passed the RMS + bird-band filters
birdclefinat_birdclef_iNat1708766: no window passed the RMS + bird-band filters
birdclefinat_birdclef_iNat201628: no window passed the RMS + bird-band filters
birdclefinat_birdclef_iNat1625502: no window passed the RMS + bird-band filters
birdclefinat_birdclef_iNat340794: no window passed the RMS + bird-band filters
birdclefinat_birdclef_iNat353175: no window passed the RMS + bird-band filters
birdclefinat_birdclef_iNat342228: no window passed the RMS + bird-band filters
birdclefinat_birdclef_iNat1631614: no window passed the RMS + bird-band filters
birdclefinat_birdclef_iNat487226: shorter than 1.0s after trim
birdclefinat_birdclef_iNat393539: no window passed the RMS + bird-band filters
birdclefinat_birdclef_iNat430917: no window passed the RMS + bird-band filters
birdclefinat_birdclef_iNat512266: no window passed the RMS + bird-band filters
birdclefinat_birdclef_iNat48712: no window passed the RMS + bird-band filters
birdclefinat_birdclef_iNat51135: no window passed the RMS + bird-band filters
birdclefinat_birdclef_iNat264012: no window passed the RMS + bird-band filters
birdclefinat_birdclef_iNat599167: no window passed the RMS + bird-band filters
birdclefinat_birdclef_iNat586626: no window passed the RMS + bird-band filters
birdclefinat_birdclef_iNat59605: no window passed the RMS + bird-band filters
birdclefinat_birdclef_iNat74982: no window passed the RMS + bird-band filters
birdclefinat_birdclef_iNat842708: no window passed the RMS + bird-band filters
birdclefinat_birdclef_iNat833941: no window passed the RMS + bird-band filters
birdclefinat_birdclef_iNat930059: no window passed the RMS + bird-band filters
birdclefinat_birdclef_iNat898963: no window passed the RMS + bird-band filters
birdclefinat_birdclef_iNat811025: no window passed the RMS + bird-band filters
birdclefxc_birdclef_XC443233: no window passed the RMS + bird-band filters
birdclefxc_birdclef_XC391254: no window passed the RMS + bird-band filters
birdclefxc_birdclef_XC572749: no window passed the RMS + bird-band filters
birdclefxc_birdclef_XC604880: no window passed the RMS + bird-band filters
birdclefinat_birdclef_iNat595905: no window passed the RMS + bird-band filters
birdclefxc_birdclef_XC1040540: no window passed the RMS + bird-band filters
birdclefxc_birdclef_XC637226: no window passed the RMS + bird-band filters
birdclefinat_birdclef_iNat1020672: no window passed the RMS + bird-band filters
birdclefinat_birdclef_iNat1127908: no window passed the RMS + bird-band filters
birdclefinat_birdclef_iNat1140014: no window passed the RMS + bird-band filters
birdclefinat_birdclef_iNat1148964: no window passed the RMS + bird-band filters
birdclefinat_birdclef_iNat1122157: no window passed the RMS + bird-band filters
birdclefinat_birdclef_iNat1195902: no window passed the RMS + bird-band filters
birdclefinat_birdclef_iNat1233470: no window passed the RMS + bird-band filters
birdclefinat_birdclef_iNat1096769: no window passed the RMS + bird-band filters
birdclefinat_birdclef_iNat1350614: shorter than 1.0s after trim
birdclefinat_birdclef_iNat1303954: shorter than 1.0s after trim
birdclefinat_birdclef_iNat1350689: shorter than 1.0s after trim
birdclefinat_birdclef_iNat1370909: shorter than 1.0s after trim
birdclefinat_birdclef_iNat1286554: no window passed the RMS + bird-band filters
birdclefinat_birdclef_iNat1375792: shorter than 1.0s after trim
birdclefinat_birdclef_iNat1375793: shorter than 1.0s after trim
birdclefinat_birdclef_iNat1381842: shorter than 1.0s after trim
birdclefinat_birdclef_iNat1221460: no window passed the RMS + bird-band filters
birdclefinat_birdclef_iNat1005611: no window passed the RMS + bird-band filters
birdclefinat_birdclef_iNat1256497: no window passed the RMS + bird-band filters
birdclefinat_birdclef_iNat1638552: shorter than 1.0s after trim
birdclefinat_birdclef_iNat1445802: no window passed the RMS + bird-band filters
birdclefinat_birdclef_iNat1580628: no window passed the RMS + bird-band filters
birdclefinat_birdclef_iNat1439638: no window passed the RMS + bird-band filters
birdclefinat_birdclef_iNat1709921: no window passed the RMS + bird-band filters
birdclefinat_birdclef_iNat323749: no window passed the RMS + bird-band filters
birdclefinat_birdclef_iNat320319: no window passed the RMS + bird-band filters
birdclefinat_birdclef_iNat209422: no window passed the RMS + bird-band filters
birdclefinat_birdclef_iNat418644: no window passed the RMS + bird-band filters
birdclefinat_birdclef_iNat442052: no window passed the RMS + bird-band filters
birdclefinat_birdclef_iNat420660: no window passed the RMS + bird-band filters
birdclefinat_birdclef_iNat547171: no window passed the RMS + bird-band filters
birdclefinat_birdclef_iNat561668: no window passed the RMS + bird-band filters
birdclefinat_birdclef_iNat564190: no window passed the RMS + bird-band filters
birdclefinat_birdclef_iNat393566: no window passed the RMS + bird-band filters
birdclefinat_birdclef_iNat397044: no window passed the RMS + bird-band filters
birdclefinat_birdclef_iNat806766: no window passed the RMS + bird-band filters
birdclefinat_birdclef_iNat86085: no window passed the RMS + bird-band filters
birdclefinat_birdclef_iNat952416: shorter than 1.0s after trim
birdclefinat_birdclef_iNat864354: no window passed the RMS + bird-band filters
birdclefinat_birdclef_iNat561667: no window passed the RMS + bird-band filters
birdclefinat_birdclef_iNat979301: no window passed the RMS + bird-band filters
birdclefinat_birdclef_iNat838956: no window passed the RMS + bird-band filters
birdclefinat_birdclef_iNat827425: no window passed the RMS + bird-band filters
birdclefinat_birdclef_iNat858655: no window passed the RMS + bird-band filters
birdclefinat_birdclef_iNat835346: no window passed the RMS + bird-band filters
birdclefxc_birdclef_XC1021068: no window passed the RMS + bird-band filters
birdclefinat_birdclef_iNat387352: no window passed the RMS + bird-band filters
birdclefinat_birdclef_iNat387353: no window passed the RMS + bird-band filters
birdclefxc_birdclef_XC144948: shorter than 1.0s after trim
birdclefxc_birdclef_XC239493: no window passed the RMS + bird-band filters
birdclefinat_birdclef_iNat863900: no window passed the RMS + bird-band filters
birdclefxc_birdclef_XC146812: no window passed the RMS + bird-band filters
birdclefxc_birdclef_XC773268: no window passed the RMS + bird-band filters
birdclefxc_birdclef_XC754986: no window passed the RMS + bird-band filters
birdclefinat_birdclef_iNat1395710: shorter than 1.0s after trim
birdclefinat_birdclef_iNat1400824: shorter than 1.0s after trim
birdclefinat_birdclef_iNat1655851: no window passed the RMS + bird-band filters
birdclefinat_birdclef_iNat789043: no window passed the RMS + bird-band filters
birdclefinat_birdclef_iNat1237397: no window passed the RMS + bird-band filters
birdclefinat_birdclef_iNat514702: no window passed the RMS + bird-band filters
birdclefinat_birdclef_iNat799090: no window passed the RMS + bird-band filters
birdclefinat_birdclef_iNat824410: no window passed the RMS + bird-band filters
birdclefinat_birdclef_iNat1291932: no window passed the RMS + bird-band filters
birdclefxc_birdclef_XC1035587: no window passed the RMS + bird-band filters
birdclefxc_birdclef_XC777508: no window passed the RMS + bird-band filters
birdclefxc_birdclef_XC391171: no window passed the RMS + bird-band filters
birdclefxc_birdclef_XC391170: no window passed the RMS + bird-band filters
birdclefxc_birdclef_XC417125: no window passed the RMS + bird-band filters
birdclefxc_birdclef_XC301050: no window passed the RMS + bird-band filters
birdclefxc_birdclef_XC754008: no window passed the RMS + bird-band filters
birdclefxc_birdclef_XC769454: no window passed the RMS + bird-band filters
birdclefxc_birdclef_XC748126: no window passed the RMS + bird-band filters
birdclefxc_birdclef_XC748127: no window passed the RMS + bird-band filters
birdclefxc_birdclef_XC884478: no window passed the RMS + bird-band filters
birdclefxc_birdclef_XC1019668: no window passed the RMS + bird-band filters
birdclefxc_birdclef_XC206240: no window passed the RMS + bird-band filters
birdclefxc_birdclef_XC1051822: no window passed the RMS + bird-band filters
birdclefxc_birdclef_XC863903: no window passed the RMS + bird-band filters
birdclefxc_birdclef_XC522516: no window passed the RMS + bird-band filters
birdclefinat_birdclef_iNat1255088: shorter than 1.0s after trim
birdclefinat_birdclef_iNat1288203: shorter than 1.0s after trim
birdclefinat_birdclef_iNat1346486: shorter than 1.0s after trim
birdclefinat_birdclef_iNat1378299: shorter than 1.0s after trim
birdclefinat_birdclef_iNat1537449: shorter than 1.0s after trim
birdclefxc_birdclef_XC680414: no window passed the RMS + bird-band filters
birdclefinat_birdclef_iNat1569899: shorter than 1.0s after trim
birdclefinat_birdclef_iNat1306065: no window passed the RMS + bird-band filters
birdclefinat_birdclef_iNat1577300: shorter than 1.0s after trim
birdclefinat_birdclef_iNat155664: no window passed the RMS + bird-band filters
birdclefinat_birdclef_iNat1596768: shorter than 1.0s after trim
birdclefinat_birdclef_iNat1594836: shorter than 1.0s after trim
birdclefinat_birdclef_iNat1620374: shorter than 1.0s after trim
birdclefinat_birdclef_iNat1624903: shorter than 1.0s after trim
birdclefinat_birdclef_iNat1683695: shorter than 1.0s after trim
birdclefxc_birdclef_XC804028: no window passed the RMS + bird-band filters
birdclefinat_birdclef_iNat1724472: shorter than 1.0s after trim
birdclefinat_birdclef_iNat167471: no window passed the RMS + bird-band filters
birdclefinat_birdclef_iNat1621445: no window passed the RMS + bird-band filters
birdclefinat_birdclef_iNat535115: no window passed the RMS + bird-band filters
birdclefinat_birdclef_iNat286120: no window passed the RMS + bird-band filters
birdclefinat_birdclef_iNat1480180: no window passed the RMS + bird-band filters
birdclefinat_birdclef_iNat573456: no window passed the RMS + bird-band filters
birdclefinat_birdclef_iNat478750: no window passed the RMS + bird-band filters
birdclefinat_birdclef_iNat816375: shorter than 1.0s after trim
birdclefinat_birdclef_iNat1642287: no window passed the RMS + bird-band filters
birdclefinat_birdclef_iNat686764: no window passed the RMS + bird-band filters
birdclefinat_birdclef_iNat771962: no window passed the RMS + bird-band filters
birdclefinat_birdclef_iNat785620: no window passed the RMS + bird-band filters
birdclefinat_birdclef_iNat839314: no window passed the RMS + bird-band filters
birdclefinat_birdclef_iNat971008: no window passed the RMS + bird-band filters
birdclefinat_birdclef_iNat698968: no window passed the RMS + bird-band filters
birdclefinat_birdclef_iNat842159: no window passed the RMS + bird-band filters
birdclefinat_birdclef_iNat971009: no window passed the RMS + bird-band filters
birdclefinat_birdclef_iNat971007: no window passed the RMS + bird-band filters
birdclefxc_birdclef_XC343338: no window passed the RMS + bird-band filters
birdclefxc_birdclef_XC374402: no window passed the RMS + bird-band filters
birdclefxc_birdclef_XC524366: no window passed the RMS + bird-band filters
birdclefxc_birdclef_XC463620: no window passed the RMS + bird-band filters
birdclefxc_birdclef_XC524434: no window passed the RMS + bird-band filters
birdclefxc_birdclef_XC702440: no window passed the RMS + bird-band filters
birdclefxc_birdclef_XC789356: no window passed the RMS + bird-band filters
birdclefxc_birdclef_XC895302: no window passed the RMS + bird-band filters
birdclefinat_birdclef_iNat869771: no window passed the RMS + bird-band filters
birdclefinat_birdclef_iNat1018099: no window passed the RMS + bird-band filters
birdclefinat_birdclef_iNat1014644: no window passed the RMS + bird-band filters
birdclefinat_birdclef_iNat1150859: no window passed the RMS + bird-band filters
birdclefinat_birdclef_iNat1244468: no window passed the RMS + bird-band filters
birdclefinat_birdclef_iNat1304457: shorter than 1.0s after trim
birdclefinat_birdclef_iNat1316764: shorter than 1.0s after trim
birdclefinat_birdclef_iNat1321989: shorter than 1.0s after trim
birdclefinat_birdclef_iNat1286114: no window passed the RMS + bird-band filters
birdclefinat_birdclef_iNat1287161: no window passed the RMS + bird-band filters
birdclefinat_birdclef_iNat1358970: shorter than 1.0s after trim
birdclefinat_birdclef_iNat1328729: no window passed the RMS + bird-band filters
birdclefinat_birdclef_iNat1364301: shorter than 1.0s after trim
birdclefinat_birdclef_iNat1362595: shorter than 1.0s after trim
birdclefinat_birdclef_iNat1397767: shorter than 1.0s after trim
birdclefinat_birdclef_iNat1409352: shorter than 1.0s after trim
birdclefinat_birdclef_iNat1417357: shorter than 1.0s after trim
birdclefinat_birdclef_iNat1399709: no window passed the RMS + bird-band filters
birdclefinat_birdclef_iNat1307600: no window passed the RMS + bird-band filters
birdclefinat_birdclef_iNat1512573: shorter than 1.0s after trim
birdclefinat_birdclef_iNat1551547: shorter than 1.0s after trim
birdclefinat_birdclef_iNat1569993: shorter than 1.0s after trim
birdclefinat_birdclef_iNat1468434: no window passed the RMS + bird-band filters
birdclefinat_birdclef_iNat1395654: no window passed the RMS + bird-band filters
birdclefinat_birdclef_iNat1305965: no window passed the RMS + bird-band filters
birdclefinat_birdclef_iNat1666148: shorter than 1.0s after trim
birdclefinat_birdclef_iNat1430695: no window passed the RMS + bird-band filters
birdclefinat_birdclef_iNat1282035: no window passed the RMS + bird-band filters
birdclefinat_birdclef_iNat1731791: shorter than 1.0s after trim
birdclefinat_birdclef_iNat1684981: no window passed the RMS + bird-band filters
birdclefinat_birdclef_iNat1736632: no window passed the RMS + bird-band filters
birdclefinat_birdclef_iNat1532621: no window passed the RMS + bird-band filters
birdclefinat_birdclef_iNat267244: no window passed the RMS + bird-band filters
birdclefinat_birdclef_iNat254716: no window passed the RMS + bird-band filters
birdclefinat_birdclef_iNat1081270: no window passed the RMS + bird-band filters
birdclefinat_birdclef_iNat409684: shorter than 1.0s after trim
birdclefinat_birdclef_iNat343416: no window passed the RMS + bird-band filters
birdclefinat_birdclef_iNat414893: no window passed the RMS + bird-band filters
birdclefinat_birdclef_iNat339547: no window passed the RMS + bird-band filters
birdclefinat_birdclef_iNat366298: no window passed the RMS + bird-band filters
birdclefinat_birdclef_iNat411345: no window passed the RMS + bird-band filters
birdclefinat_birdclef_iNat395248: no window passed the RMS + bird-band filters
birdclefinat_birdclef_iNat464631: no window passed the RMS + bird-band filters
birdclefinat_birdclef_iNat415192: no window passed the RMS + bird-band filters
birdclefinat_birdclef_iNat354848: no window passed the RMS + bird-band filters
birdclefinat_birdclef_iNat644619: no window passed the RMS + bird-band filters
birdclefinat_birdclef_iNat744421: no window passed the RMS + bird-band filters
birdclefinat_birdclef_iNat678824: no window passed the RMS + bird-band filters
birdclefinat_birdclef_iNat710236: no window passed the RMS + bird-band filters
birdclefinat_birdclef_iNat790155: no window passed the RMS + bird-band filters
birdclefinat_birdclef_iNat856837: no window passed the RMS + bird-band filters
birdclefinat_birdclef_iNat849843: no window passed the RMS + bird-band filters
birdclefinat_birdclef_iNat915138: no window passed the RMS + bird-band filters
birdclefinat_birdclef_iNat935753: shorter than 1.0s after trim
birdclefinat_birdclef_iNat907615: no window passed the RMS + bird-band filters
birdclefinat_birdclef_iNat70272: no window passed the RMS + bird-band filters
birdclefinat_birdclef_iNat951691: no window passed the RMS + bird-band filters
birdclefinat_birdclef_iNat946064: no window passed the RMS + bird-band filters
birdclefinat_birdclef_iNat755279: no window passed the RMS + bird-band filters
birdclefinat_birdclef_iNat955128: no window passed the RMS + bird-band filters
birdclefinat_birdclef_iNat973794: no window passed the RMS + bird-band filters
birdclefinat_birdclef_iNat908529: no window passed the RMS + bird-band filters
birdclefinat_birdclef_iNat915256: no window passed the RMS + bird-band filters
birdclefinat_birdclef_iNat936503: no window passed the RMS + bird-band filters
birdclefinat_birdclef_iNat1696511: no window passed the RMS + bird-band filters
birdclefinat_birdclef_iNat945679: no window passed the RMS + bird-band filters
birdclefinat_birdclef_iNat352995: no window passed the RMS + bird-band filters
birdclefxc_birdclef_XC770308: no window passed the RMS + bird-band filters
birdclefxc_birdclef_XC947278: no window passed the RMS + bird-band filters
birdclefxc_birdclef_XC855093: no window passed the RMS + bird-band filters
birdclefinat_birdclef_iNat875553: no window passed the RMS + bird-band filters
birdclefinat_birdclef_iNat1072786: shorter than 1.0s after trim
birdclefxc_birdclef_XC903623: no window passed the RMS + bird-band filters
birdclefxc_birdclef_XC992390: no window passed the RMS + bird-band filters
birdclefinat_birdclef_iNat1320813: shorter than 1.0s after trim
birdclefinat_birdclef_iNat1319758: shorter than 1.0s after trim
birdclefinat_birdclef_iNat1487957: no window passed the RMS + bird-band filters
birdclefinat_birdclef_iNat27686: no window passed the RMS + bird-band filters
birdclefinat_birdclef_iNat1285318: no window passed the RMS + bird-band filters
birdclefinat_birdclef_iNat564084: no window passed the RMS + bird-band filters
birdclefinat_birdclef_iNat610397: no window passed the RMS + bird-band filters
birdclefinat_birdclef_iNat474191: no window passed the RMS + bird-band filters
birdclefinat_birdclef_iNat569630: no window passed the RMS + bird-band filters
birdclefinat_birdclef_iNat693913: no window passed the RMS + bird-band filters
birdclefinat_birdclef_iNat847882: no window passed the RMS + bird-band filters
birdclefinat_birdclef_iNat980614: no window passed the RMS + bird-band filters
birdclefinat_birdclef_iNat980615: no window passed the RMS + bird-band filters
birdclefinat_birdclef_iNat847818: no window passed the RMS + bird-band filters
birdclefinat_birdclef_iNat984540: no window passed the RMS + bird-band filters
birdclefxc_birdclef_XC351407: no window passed the RMS + bird-band filters
birdclefxc_birdclef_XC705544: no window passed the RMS + bird-band filters
birdclefinat_birdclef_iNat1302630: shorter than 1.0s after trim
birdclefinat_birdclef_iNat1371736: shorter than 1.0s after trim
birdclefinat_birdclef_iNat1535721: shorter than 1.0s after trim
birdclefinat_birdclef_iNat1667186: no window passed the RMS + bird-band filters
birdclefinat_birdclef_iNat1186057: no window passed the RMS + bird-band filters
birdclefinat_birdclef_iNat1414667: no window passed the RMS + bird-band filters
birdclefinat_birdclef_iNat1632033: no window passed the RMS + bird-band filters
birdclefinat_birdclef_iNat1186055: no window passed the RMS + bird-band filters
birdclefinat_birdclef_iNat585139: no window passed the RMS + bird-band filters
birdclefinat_birdclef_iNat580116: no window passed the RMS + bird-band filters
birdclefinat_birdclef_iNat830092: no window passed the RMS + bird-band filters
birdclefxc_birdclef_XC754995: no window passed the RMS + bird-band filters
birdclefinat_birdclef_iNat830090: no window passed the RMS + bird-band filters
birdclefxc_birdclef_XC1041178: no window passed the RMS + bird-band filters
birdclefinat_birdclef_iNat893730: no window passed the RMS + bird-band filters
birdclefinat_birdclef_iNat62429: no window passed the RMS + bird-band filters
birdclefinat_birdclef_iNat1704492: no window passed the RMS + bird-band filters
birdclefxc_birdclef_XC256711: no window passed the RMS + bird-band filters
birdclefxc_birdclef_XC214145: no window passed the RMS + bird-band filters
birdclefxc_birdclef_XC284437: no window passed the RMS + bird-band filters
birdclefxc_birdclef_XC353624: no window passed the RMS + bird-band filters
birdclefxc_birdclef_XC443232: no window passed the RMS + bird-band filters
birdclefxc_birdclef_XC645538: no window passed the RMS + bird-band filters
birdclefxc_birdclef_XC779347: no window passed the RMS + bird-band filters
birdclefxc_birdclef_XC538044: no window passed the RMS + bird-band filters
birdclefxc_birdclef_XC961351: no window passed the RMS + bird-band filters
birdclefxc_birdclef_XC738975: no window passed the RMS + bird-band filters
birdclefinat_birdclef_iNat1231828: no window passed the RMS + bird-band filters
birdclefinat_birdclef_iNat1275235: no window passed the RMS + bird-band filters
birdclefinat_birdclef_iNat1652246: no window passed the RMS + bird-band filters
birdclefinat_birdclef_iNat1665089: no window passed the RMS + bird-band filters
birdclefinat_birdclef_iNat1670573: no window passed the RMS + bird-band filters
birdclefinat_birdclef_iNat364763: no window passed the RMS + bird-band filters
birdclefinat_birdclef_iNat820484: no window passed the RMS + bird-band filters
birdclefinat_birdclef_iNat1268723: no window passed the RMS + bird-band filters
birdclefinat_birdclef_iNat848054: no window passed the RMS + bird-band filters
birdclefinat_birdclef_iNat1697460: no window passed the RMS + bird-band filters
birdclefxc_birdclef_XC346201: no window passed the RMS + bird-band filters
birdclefinat_birdclef_iNat25607: no window passed the RMS + bird-band filters
birdclefxc_birdclef_XC1069965: no window passed the RMS + bird-band filters
birdclefxc_birdclef_XC506891: no window passed the RMS + bird-band filters
birdclefinat_birdclef_iNat1626097: shorter than 1.0s after trim
birdclefinat_birdclef_iNat1608302: no window passed the RMS + bird-band filters
birdclefinat_birdclef_iNat1206199: no window passed the RMS + bird-band filters
birdclefinat_birdclef_iNat1655112: no window passed the RMS + bird-band filters
birdclefinat_birdclef_iNat1727586: no window passed the RMS + bird-band filters
birdclefinat_birdclef_iNat995848: no window passed the RMS + bird-band filters
birdclefxc_birdclef_XC610616: no window passed the RMS + bird-band filters
birdclefxc_birdclef_XC236550: no window passed the RMS + bird-band filters
birdclefinat_birdclef_iNat1614980: no window passed the RMS + bird-band filters
birdclefinat_birdclef_iNat1464651: no window passed the RMS + bird-band filters
birdclefinat_birdclef_iNat561404: no window passed the RMS + bird-band filters
birdclefinat_birdclef_iNat1635487: shorter than 1.0s after trim
birdclefinat_birdclef_iNat1385159: no window passed the RMS + bird-band filters
birdclefinat_birdclef_iNat335478: no window passed the RMS + bird-band filters
birdclefinat_birdclef_iNat1016942: no window passed the RMS + bird-band filters
birdclefinat_birdclef_iNat356085: no window passed the RMS + bird-band filters
birdclefinat_birdclef_iNat817980: no window passed the RMS + bird-band filters
birdclefinat_birdclef_iNat786930: no window passed the RMS + bird-band filters
birdclefinat_birdclef_iNat589519: no window passed the RMS + bird-band filters
birdclefinat_birdclef_iNat817981: no window passed the RMS + bird-band filters
birdclefxc_birdclef_XC1042946: no window passed the RMS + bird-band filters
birdclefinat_birdclef_iNat817987: no window passed the RMS + bird-band filters
birdclefinat_birdclef_iNat905833: no window passed the RMS + bird-band filters
birdclefxc_birdclef_XC114064: no window passed the RMS + bird-band filters
birdclefxc_birdclef_XC540420: no window passed the RMS + bird-band filters
birdclefxc_birdclef_XC552268: no window passed the RMS + bird-band filters
birdclefxc_birdclef_XC394275: no window passed the RMS + bird-band filters
birdclefxc_birdclef_XC763699: no window passed the RMS + bird-band filters
birdclefxc_birdclef_XC832939: no window passed the RMS + bird-band filters
birdclefxc_birdclef_XC863908: no window passed the RMS + bird-band filters
birdclefxc_birdclef_XC992351: no window passed the RMS + bird-band filters
birdclefxc_birdclef_XC961369: no window passed the RMS + bird-band filters
birdclefinat_birdclef_iNat1240188: no window passed the RMS + bird-band filters
birdclefinat_birdclef_iNat986863: no window passed the RMS + bird-band filters
birdclefxc_birdclef_XC957921: no window passed the RMS + bird-band filters
birdclefinat_birdclef_iNat1043508: no window passed the RMS + bird-band filters
birdclefinat_birdclef_iNat1166889: no window passed the RMS + bird-band filters
birdclefinat_birdclef_iNat1240189: no window passed the RMS + bird-band filters
birdclefinat_birdclef_iNat986872: no window passed the RMS + bird-band filters
birdclefinat_birdclef_iNat1032764: no window passed the RMS + bird-band filters
birdclefinat_birdclef_iNat986912: no window passed the RMS + bird-band filters
birdclefxc_birdclef_XC838058: no window passed the RMS + bird-band filters
birdclefinat_birdclef_iNat1174003: no window passed the RMS + bird-band filters
birdclefinat_birdclef_iNat1173694: no window passed the RMS + bird-band filters
birdclefxc_birdclef_XC993747: no window passed the RMS + bird-band filters
birdclefinat_birdclef_iNat1055494: no window passed the RMS + bird-band filters
birdclefinat_birdclef_iNat1346713: shorter than 1.0s after trim
birdclefinat_birdclef_iNat1425131: no window passed the RMS + bird-band filters
birdclefinat_birdclef_iNat1677391: no window passed the RMS + bird-band filters
birdclefinat_birdclef_iNat443296: no window passed the RMS + bird-band filters
birdclefinat_birdclef_iNat999021: no window passed the RMS + bird-band filters
birdclefinat_birdclef_iNat910986: no window passed the RMS + bird-band filters
birdclefinat_birdclef_iNat1625491: no window passed the RMS + bird-band filters
birdclefxc_birdclef_XC389463: no window passed the RMS + bird-band filters
birdclefxc_birdclef_XC443234: no window passed the RMS + bird-band filters
birdclefxc_birdclef_XC419181: no window passed the RMS + bird-band filters
birdclefxc_birdclef_XC631936: no window passed the RMS + bird-band filters
birdclefxc_birdclef_XC709392: no window passed the RMS + bird-band filters
birdclefxc_birdclef_XC694428: no window passed the RMS + bird-band filters
birdclefxc_birdclef_XC861428: no window passed the RMS + bird-band filters
birdclefxc_birdclef_XC856121: no window passed the RMS + bird-band filters
birdclefxc_birdclef_XC952288: no window passed the RMS + bird-band filters
birdclefxc_birdclef_XC959482: no window passed the RMS + bird-band filters
birdclefxc_birdclef_XC959516: no window passed the RMS + bird-band filters
birdclefxc_birdclef_XC114112: no window passed the RMS + bird-band filters
birdclefinat_birdclef_iNat1079708: shorter than 1.0s after trim
birdclefinat_birdclef_iNat1195800: no window passed the RMS + bird-band filters
birdclefinat_birdclef_iNat1355177: shorter than 1.0s after trim
birdclefinat_birdclef_iNat1503877: shorter than 1.0s after trim
birdclefinat_birdclef_iNat1657675: shorter than 1.0s after trim
birdclefinat_birdclef_iNat1687083: shorter than 1.0s after trim
birdclefxc_birdclef_XC1054416: no window passed the RMS + bird-band filters
birdclefinat_birdclef_iNat612428: no window passed the RMS + bird-band filters
birdclefxc_birdclef_XC318492: no window passed the RMS + bird-band filters
birdclefinat_birdclef_iNat1004549: shorter than 1.0s after trim
birdclefinat_birdclef_iNat1135797: shorter than 1.0s after trim
birdclefinat_birdclef_iNat1144047: no window passed the RMS + bird-band filters
birdclefinat_birdclef_iNat1167671: no window passed the RMS + bird-band filters
birdclefinat_birdclef_iNat118402: no window passed the RMS + bird-band filters
birdclefinat_birdclef_iNat1117042: no window passed the RMS + bird-band filters
birdclefinat_birdclef_iNat1223106: no window passed the RMS + bird-band filters
birdclefinat_birdclef_iNat1170803: no window passed the RMS + bird-band filters
birdclefinat_birdclef_iNat1183228: no window passed the RMS + bird-band filters
birdclefinat_birdclef_iNat1159553: no window passed the RMS + bird-band filters
birdclefinat_birdclef_iNat1359848: shorter than 1.0s after trim
birdclefinat_birdclef_iNat1361039: shorter than 1.0s after trim
birdclefinat_birdclef_iNat125245: no window passed the RMS + bird-band filters
birdclefinat_birdclef_iNat1370949: shorter than 1.0s after trim
birdclefinat_birdclef_iNat1398129: shorter than 1.0s after trim
birdclefinat_birdclef_iNat132489: no window passed the RMS + bird-band filters
birdclefinat_birdclef_iNat132477: no window passed the RMS + bird-band filters
birdclefinat_birdclef_iNat131913: no window passed the RMS + bird-band filters
birdclefinat_birdclef_iNat1230307: no window passed the RMS + bird-band filters
birdclefinat_birdclef_iNat1556374: shorter than 1.0s after trim
birdclefinat_birdclef_iNat1512917: no window passed the RMS + bird-band filters
birdclefinat_birdclef_iNat1414539: no window passed the RMS + bird-band filters
birdclefinat_birdclef_iNat1595562: shorter than 1.0s after trim
birdclefinat_birdclef_iNat1203284: no window passed the RMS + bird-band filters
birdclefinat_birdclef_iNat1484308: no window passed the RMS + bird-band filters
birdclefinat_birdclef_iNat1507469: no window passed the RMS + bird-band filters
birdclefinat_birdclef_iNat1589816: no window passed the RMS + bird-band filters
birdclefinat_birdclef_iNat1670343: shorter than 1.0s after trim
birdclefinat_birdclef_iNat1692289: shorter than 1.0s after trim
birdclefinat_birdclef_iNat1697529: shorter than 1.0s after trim
birdclefinat_birdclef_iNat1618940: no window passed the RMS + bird-band filters
birdclefinat_birdclef_iNat226664: shorter than 1.0s after trim
birdclefinat_birdclef_iNat1613368: no window passed the RMS + bird-band filters
birdclefinat_birdclef_iNat288776: shorter than 1.0s after trim
birdclefinat_birdclef_iNat295741: no window passed the RMS + bird-band filters
birdclefinat_birdclef_iNat1618941: no window passed the RMS + bird-band filters
birdclefinat_birdclef_iNat1204386: no window passed the RMS + bird-band filters
birdclefinat_birdclef_iNat1639508: no window passed the RMS + bird-band filters
birdclefinat_birdclef_iNat1666564: no window passed the RMS + bird-band filters
birdclefinat_birdclef_iNat1577311: no window passed the RMS + bird-band filters
birdclefinat_birdclef_iNat284592: no window passed the RMS + bird-band filters
birdclefinat_birdclef_iNat232424: no window passed the RMS + bird-band filters
birdclefinat_birdclef_iNat376728: no window passed the RMS + bird-band filters
birdclefinat_birdclef_iNat380295: no window passed the RMS + bird-band filters
birdclefinat_birdclef_iNat482127: shorter than 1.0s after trim
birdclefinat_birdclef_iNat200308: no window passed the RMS + bird-band filters
birdclefinat_birdclef_iNat483963: no window passed the RMS + bird-band filters
birdclefinat_birdclef_iNat492734: no window passed the RMS + bird-band filters
birdclefinat_birdclef_iNat398970: no window passed the RMS + bird-band filters
birdclefinat_birdclef_iNat534356: no window passed the RMS + bird-band filters
birdclefinat_birdclef_iNat505790: no window passed the RMS + bird-band filters
birdclefinat_birdclef_iNat59041: no window passed the RMS + bird-band filters
birdclefinat_birdclef_iNat50258: no window passed the RMS + bird-band filters
birdclefinat_birdclef_iNat927283: no window passed the RMS + bird-band filters
birdclefxc_birdclef_XC134647: no window passed the RMS + bird-band filters
birdclefxc_birdclef_XC265661: no window passed the RMS + bird-band filters
birdclefxc_birdclef_XC535684: no window passed the RMS + bird-band filters
birdclefxc_birdclef_XC488607: no window passed the RMS + bird-band filters
birdclefxc_birdclef_XC478514: no window passed the RMS + bird-band filters
birdclefinat_birdclef_iNat125188: no window passed the RMS + bird-band filters
birdclefinat_birdclef_iNat1280957: no window passed the RMS + bird-band filters
birdclefinat_birdclef_iNat192415: no window passed the RMS + bird-band filters
birdclefinat_birdclef_iNat332077: no window passed the RMS + bird-band filters
birdclefinat_birdclef_iNat57566: no window passed the RMS + bird-band filters
birdclefinat_birdclef_iNat333569: no window passed the RMS + bird-band filters
birdclefinat_birdclef_iNat53350: no window passed the RMS + bird-band filters
birdclefinat_birdclef_iNat730721: no window passed the RMS + bird-band filters
birdclefinat_birdclef_iNat547592: no window passed the RMS + bird-band filters
birdclefxc_birdclef_XC580785: no window passed the RMS + bird-band filters
birdclefinat_birdclef_iNat354844: no window passed the RMS + bird-band filters
birdclefinat_birdclef_iNat337896: no window passed the RMS + bird-band filters
birdclefxc_birdclef_XC414146: no window passed the RMS + bird-band filters
birdclefxc_birdclef_XC463735: no window passed the RMS + bird-band filters
birdclefxc_birdclef_XC288829: no window passed the RMS + bird-band filters
birdclefxc_birdclef_XC773859: no window passed the RMS + bird-band filters
birdclefxc_birdclef_XC833506: no window passed the RMS + bird-band filters
birdclefxc_birdclef_XC854675: no window passed the RMS + bird-band filters
birdclefxc_birdclef_XC785601: no window passed the RMS + bird-band filters
birdclefxc_birdclef_XC617651: no window passed the RMS + bird-band filters
birdclefxc_birdclef_XC499569: no window passed the RMS + bird-band filters
birdclefxc_birdclef_XC946240: no window passed the RMS + bird-band filters
birdclefinat_birdclef_iNat1418628: shorter than 1.0s after trim
birdclefinat_birdclef_iNat1418634: shorter than 1.0s after trim
birdclefinat_birdclef_iNat1618415: shorter than 1.0s after trim
birdclefinat_birdclef_iNat1709147: shorter than 1.0s after trim
birdclefinat_birdclef_iNat147490: no window passed the RMS + bird-band filters
birdclefinat_birdclef_iNat203973: no window passed the RMS + bird-band filters
birdclefinat_birdclef_iNat1681273: no window passed the RMS + bird-band filters
birdclefinat_birdclef_iNat633273: no window passed the RMS + bird-band filters
birdclefinat_birdclef_iNat984039: no window passed the RMS + bird-band filters
birdclefinat_birdclef_iNat889753: no window passed the RMS + bird-band filters
birdclefxc_birdclef_XC708162: no window passed the RMS + bird-band filters
birdclefinat_birdclef_iNat1250354: no window passed the RMS + bird-band filters
birdclefinat_birdclef_iNat1250353: no window passed the RMS + bird-band filters
birdclefinat_birdclef_iNat243295: no window passed the RMS + bird-band filters
birdclefinat_birdclef_iNat795480: no window passed the RMS + bird-band filters
birdclefinat_birdclef_iNat182470: no window passed the RMS + bird-band filters
birdclefinat_birdclef_iNat545212: no window passed the RMS + bird-band filters
birdclefinat_birdclef_iNat966056: no window passed the RMS + bird-band filters
birdclefxc_birdclef_XC319948: no window passed the RMS + bird-band filters
birdclefinat_birdclef_iNat34234: no window passed the RMS + bird-band filters
birdclefxc_birdclef_XC170084: no window passed the RMS + bird-band filters
birdclefxc_birdclef_XC355825: no window passed the RMS + bird-band filters
birdclefinat_birdclef_iNat130218: no window passed the RMS + bird-band filters
birdclefxc_birdclef_XC335515: no window passed the RMS + bird-band filters
birdclefinat_birdclef_iNat1341242: no window passed the RMS + bird-band filters
birdclefinat_birdclef_iNat1429870: no window passed the RMS + bird-band filters
birdclefinat_birdclef_iNat1607749: shorter than 1.0s after trim
birdclefinat_birdclef_iNat1412158: no window passed the RMS + bird-band filters
birdclefinat_birdclef_iNat1508384: no window passed the RMS + bird-band filters
birdclefinat_birdclef_iNat1536960: no window passed the RMS + bird-band filters
birdclefinat_birdclef_iNat1627928: no window passed the RMS + bird-band filters
birdclefinat_birdclef_iNat513295: no window passed the RMS + bird-band filters
birdclefinat_birdclef_iNat559547: no window passed the RMS + bird-band filters
birdclefxc_birdclef_XC586308: no window passed the RMS + bird-band filters
birdclefinat_birdclef_iNat586262: no window passed the RMS + bird-band filters
birdclefinat_birdclef_iNat556336: no window passed the RMS + bird-band filters
birdclefinat_birdclef_iNat577836: no window passed the RMS + bird-band filters
birdclefinat_birdclef_iNat1567183: shorter than 1.0s after trim
birdclefinat_birdclef_iNat786774: no window passed the RMS + bird-band filters
birdclefxc_birdclef_XC394259: no window passed the RMS + bird-band filters
birdclefinat_birdclef_iNat1057279: no window passed the RMS + bird-band filters
birdclefinat_birdclef_iNat1635054: shorter than 1.0s after trim
birdclefinat_birdclef_iNat1677277: shorter than 1.0s after trim
birdclefinat_birdclef_iNat1684862: no window passed the RMS + bird-band filters
birdclefinat_birdclef_iNat843378: no window passed the RMS + bird-band filters
birdclefxc_birdclef_XC1053674: no window passed the RMS + bird-band filters
birdclefxc_birdclef_XC1034586: no window passed the RMS + bird-band filters
birdclefxc_birdclef_XC914478: no window passed the RMS + bird-band filters
birdclefxc_birdclef_XC114967: no window passed the RMS + bird-band filters
birdclefinat_birdclef_iNat391587: no window passed the RMS + bird-band filters
birdclefxc_birdclef_XC206474: no window passed the RMS + bird-band filters
birdclefxc_birdclef_XC963341: no window passed the RMS + bird-band filters
birdclefxc_birdclef_XC964060: no window passed the RMS + bird-band filters
birdclefinat_birdclef_iNat1435256: shorter than 1.0s after trim
birdclefinat_birdclef_iNat1117491: no window passed the RMS + bird-band filters
birdclefinat_birdclef_iNat1435257: shorter than 1.0s after trim
birdclefinat_birdclef_iNat1432062: no window passed the RMS + bird-band filters
birdclefinat_birdclef_iNat1498954: no window passed the RMS + bird-band filters
birdclefinat_birdclef_iNat1612345: shorter than 1.0s after trim
birdclefinat_birdclef_iNat1418407: no window passed the RMS + bird-band filters
birdclefinat_birdclef_iNat1184275: no window passed the RMS + bird-band filters
birdclefinat_birdclef_iNat911601: shorter than 1.0s after trim
birdclefinat_birdclef_iNat817718: no window passed the RMS + bird-band filters
birdclefinat_birdclef_iNat860770: no window passed the RMS + bird-band filters
birdclefinat_birdclef_iNat622140: no window passed the RMS + bird-band filters
birdclefinat_birdclef_iNat785552: no window passed the RMS + bird-band filters
birdclefinat_birdclef_iNat842161: no window passed the RMS + bird-band filters
birdclefxc_birdclef_XC739175: no window passed the RMS + bird-band filters
birdclefxc_birdclef_XC811610: no window passed the RMS + bird-band filters
birdclefxc_birdclef_XC777863: no window passed the RMS + bird-band filters
birdclefxc_birdclef_XC814556: no window passed the RMS + bird-band filters
birdclefxc_birdclef_XC777867: no window passed the RMS + bird-band filters
birdclefxc_birdclef_XC419112: no window passed the RMS + bird-band filters
birdclefxc_birdclef_XC354519: no window passed the RMS + bird-band filters
birdclefinat_birdclef_iNat1342376: no window passed the RMS + bird-band filters
birdclefinat_birdclef_iNat1342377: no window passed the RMS + bird-band filters
birdclefinat_birdclef_iNat514479: no window passed the RMS + bird-band filters
birdclefinat_birdclef_iNat729629: no window passed the RMS + bird-band filters
birdclefinat_birdclef_iNat1709556: no window passed the RMS + bird-band filters
birdclefinat_birdclef_iNat730719: no window passed the RMS + bird-band filters
birdclefinat_birdclef_iNat557884: no window passed the RMS + bird-band filters
birdclefinat_birdclef_iNat1619392: no window passed the RMS + bird-band filters
birdclefinat_birdclef_iNat1210204: no window passed the RMS + bird-band filters
birdclefinat_birdclef_iNat51490: no window passed the RMS + bird-band filters
birdclefxc_birdclef_XC358303: no window passed the RMS + bird-band filters
birdclefxc_birdclef_XC675678: no window passed the RMS + bird-band filters
birdclefxc_birdclef_XC520868: no window passed the RMS + bird-band filters
birdclefxc_birdclef_XC755018: no window passed the RMS + bird-band filters
birdclefxc_birdclef_XC552916: no window passed the RMS + bird-band filters
birdclefxc_birdclef_XC811690: no window passed the RMS + bird-band filters
birdclefxc_birdclef_XC974435: no window passed the RMS + bird-band filters
birdclefxc_birdclef_XC955583: no window passed the RMS + bird-band filters
birdclefxc_birdclef_XC992361: no window passed the RMS + bird-band filters
birdclefxc_birdclef_XC992347: no window passed the RMS + bird-band filters
birdclefxc_birdclef_XC461495: no window passed the RMS + bird-band filters
birdclefinat_birdclef_iNat1324031: shorter than 1.0s after trim
birdclefxc_birdclef_XC913726: no window passed the RMS + bird-band filters
birdclefxc_birdclef_XC772527: no window passed the RMS + bird-band filters
birdclefinat_birdclef_iNat879983: no window passed the RMS + bird-band filters
birdclefxc_birdclef_XC157340: no window passed the RMS + bird-band filters
birdclefxc_birdclef_XC47728: no window passed the RMS + bird-band filters
birdclefxc_birdclef_XC811700: no window passed the RMS + bird-band filters
birdclefinat_birdclef_iNat1357285: no window passed the RMS + bird-band filters
birdclefinat_birdclef_iNat1661079: shorter than 1.0s after trim
birdclefinat_birdclef_iNat1681112: shorter than 1.0s after trim
birdclefxc_birdclef_XC770315: no window passed the RMS + bird-band filters
birdclefinat_birdclef_iNat1730234: no window passed the RMS + bird-band filters
birdclefinat_birdclef_iNat31888: no window passed the RMS + bird-band filters
birdclefinat_birdclef_iNat1729473: no window passed the RMS + bird-band filters
birdclefxc_birdclef_XC797581: no window passed the RMS + bird-band filters
birdclefinat_birdclef_iNat559731: no window passed the RMS + bird-band filters
birdclefinat_birdclef_iNat1730212: no window passed the RMS + bird-band filters
birdclefinat_birdclef_iNat953958: shorter than 1.0s after trim
birdclefinat_birdclef_iNat749082: no window passed the RMS + bird-band filters
birdclefinat_birdclef_iNat779354: no window passed the RMS + bird-band filters
birdclefxc_birdclef_XC1048462: no window passed the RMS + bird-band filters
birdclefxc_birdclef_XC1048461: no window passed the RMS + bird-band filters
birdclefinat_birdclef_iNat779355: no window passed the RMS + bird-band filters
birdclefxc_birdclef_XC447977: no window passed the RMS + bird-band filters
birdclefinat_birdclef_iNat1344314: shorter than 1.0s after trim
birdclefinat_birdclef_iNat1370757: shorter than 1.0s after trim
birdclefinat_birdclef_iNat1557442: shorter than 1.0s after trim
birdclefxc_birdclef_XC938748: no window passed the RMS + bird-band filters
birdclefxc_birdclef_XC613078: no window passed the RMS + bird-band filters
birdclefinat_birdclef_iNat1711839: no window passed the RMS + bird-band filters
birdclefinat_birdclef_iNat1651580: no window passed the RMS + bird-band filters
birdclefinat_birdclef_iNat346622: no window passed the RMS + bird-band filters
birdclefinat_birdclef_iNat864055: no window passed the RMS + bird-band filters
birdclefxc_birdclef_XC857520: no window passed the RMS + bird-band filters
birdclefinat_birdclef_iNat1210279: no window passed the RMS + bird-band filters
birdclefinat_birdclef_iNat1328076: no window passed the RMS + bird-band filters
birdclefinat_birdclef_iNat1561018: no window passed the RMS + bird-band filters
birdclefinat_birdclef_iNat342229: no window passed the RMS + bird-band filters
birdclefinat_birdclef_iNat678750: no window passed the RMS + bird-band filters
birdclefinat_birdclef_iNat397660: no window passed the RMS + bird-band filters
birdclefinat_birdclef_iNat538165: no window passed the RMS + bird-band filters
birdclefxc_birdclef_XC1053041: no window passed the RMS + bird-band filters
birdclefinat_birdclef_iNat940153: no window passed the RMS + bird-band filters
birdclefinat_birdclef_iNat795405: no window passed the RMS + bird-band filters
birdclefinat_birdclef_iNat869306: no window passed the RMS + bird-band filters
birdclefxc_birdclef_XC580806: no window passed the RMS + bird-band filters
birdclefxc_birdclef_XC433995: no window passed the RMS + bird-band filters
birdclefinat_birdclef_iNat1127687: no window passed the RMS + bird-band filters
birdclefinat_birdclef_iNat117216: no window passed the RMS + bird-band filters
birdclefinat_birdclef_iNat1184255: no window passed the RMS + bird-band filters
birdclefinat_birdclef_iNat1208890: no window passed the RMS + bird-band filters
birdclefinat_birdclef_iNat1458636: shorter than 1.0s after trim
birdclefinat_birdclef_iNat1677378: shorter than 1.0s after trim
birdclefinat_birdclef_iNat1454079: no window passed the RMS + bird-band filters
birdclefinat_birdclef_iNat126721: no window passed the RMS + bird-band filters
birdclefinat_birdclef_iNat158593: no window passed the RMS + bird-band filters
birdclefinat_birdclef_iNat1709701: no window passed the RMS + bird-band filters
birdclefinat_birdclef_iNat190069: no window passed the RMS + bird-band filters
birdclefxc_birdclef_XC360844: no window passed the RMS + bird-band filters
birdclefinat_birdclef_iNat304865: no window passed the RMS + bird-band filters
birdclefinat_birdclef_iNat312188: no window passed the RMS + bird-band filters
birdclefinat_birdclef_iNat358236: no window passed the RMS + bird-band filters
birdclefinat_birdclef_iNat346984: no window passed the RMS + bird-band filters
birdclefinat_birdclef_iNat506635: no window passed the RMS + bird-band filters
birdclefinat_birdclef_iNat332494: no window passed the RMS + bird-band filters
birdclefinat_birdclef_iNat439984: no window passed the RMS + bird-band filters
birdclefinat_birdclef_iNat541178: no window passed the RMS + bird-band filters
birdclefinat_birdclef_iNat589092: no window passed the RMS + bird-band filters
birdclefinat_birdclef_iNat589091: no window passed the RMS + bird-band filters
birdclefinat_birdclef_iNat776843: no window passed the RMS + bird-band filters
birdclefinat_birdclef_iNat767240: no window passed the RMS + bird-band filters
birdclefinat_birdclef_iNat893039: no window passed the RMS + bird-band filters
birdclefinat_birdclef_iNat879984: no window passed the RMS + bird-band filters
birdclefinat_birdclef_iNat986925: no window passed the RMS + bird-band filters
birdclefinat_birdclef_iNat81745: no window passed the RMS + bird-band filters
birdclefinat_birdclef_iNat582200: no window passed the RMS + bird-band filters
birdclefxc_birdclef_XC288830: no window passed the RMS + bird-band filters
birdclefxc_birdclef_XC1038594: no window passed the RMS + bird-band filters
birdclefxc_birdclef_XC694395: no window passed the RMS + bird-band filters
birdclefinat_birdclef_iNat1146651: no window passed the RMS + bird-band filters
birdclefinat_birdclef_iNat1151816: no window passed the RMS + bird-band filters
birdclefinat_birdclef_iNat1267229: no window passed the RMS + bird-band filters
birdclefinat_birdclef_iNat1615216: shorter than 1.0s after trim
birdclefinat_birdclef_iNat126953: no window passed the RMS + bird-band filters
birdclefinat_birdclef_iNat1626515: no window passed the RMS + bird-band filters
birdclefinat_birdclef_iNat164564: no window passed the RMS + bird-band filters
birdclefinat_birdclef_iNat1672514: shorter than 1.0s after trim
birdclefinat_birdclef_iNat140129: no window passed the RMS + bird-band filters
birdclefinat_birdclef_iNat1684073: shorter than 1.0s after trim
birdclefinat_birdclef_iNat1682587: shorter than 1.0s after trim
birdclefinat_birdclef_iNat1646207: no window passed the RMS + bird-band filters
birdclefinat_birdclef_iNat1691430: shorter than 1.0s after trim
birdclefinat_birdclef_iNat1691551: shorter than 1.0s after trim
birdclefinat_birdclef_iNat1627927: no window passed the RMS + bird-band filters
birdclefinat_birdclef_iNat1707784: shorter than 1.0s after trim
birdclefinat_birdclef_iNat1689244: no window passed the RMS + bird-band filters
birdclefinat_birdclef_iNat139344: no window passed the RMS + bird-band filters
birdclefinat_birdclef_iNat1689240: no window passed the RMS + bird-band filters
birdclefinat_birdclef_iNat1651462: no window passed the RMS + bird-band filters
birdclefinat_birdclef_iNat1691286: no window passed the RMS + bird-band filters
birdclefinat_birdclef_iNat1720250: no window passed the RMS + bird-band filters
birdclefinat_birdclef_iNat1689241: no window passed the RMS + bird-band filters
birdclefinat_birdclef_iNat367857: no window passed the RMS + bird-band filters
birdclefinat_birdclef_iNat335481: no window passed the RMS + bird-band filters
birdclefinat_birdclef_iNat304925: no window passed the RMS + bird-band filters
birdclefinat_birdclef_iNat546228: shorter than 1.0s after trim
birdclefinat_birdclef_iNat532419: no window passed the RMS + bird-band filters
birdclefinat_birdclef_iNat302253: no window passed the RMS + bird-band filters
birdclefinat_birdclef_iNat1625495: no window passed the RMS + bird-band filters
birdclefinat_birdclef_iNat787505: no window passed the RMS + bird-band filters
birdclefinat_birdclef_iNat819971: no window passed the RMS + bird-band filters
birdclefinat_birdclef_iNat850316: shorter than 1.0s after trim
birdclefinat_birdclef_iNat851551: shorter than 1.0s after trim
birdclefinat_birdclef_iNat852442: shorter than 1.0s after trim
birdclefinat_birdclef_iNat695864: no window passed the RMS + bird-band filters
birdclefinat_birdclef_iNat870811: shorter than 1.0s after trim
birdclefinat_birdclef_iNat421698: no window passed the RMS + bird-band filters
birdclefinat_birdclef_iNat858156: no window passed the RMS + bird-band filters
birdclefinat_birdclef_iNat858155: no window passed the RMS + bird-band filters
birdclefinat_birdclef_iNat776743: no window passed the RMS + bird-band filters
birdclefxc_birdclef_XC147038: no window passed the RMS + bird-band filters
birdclefinat_birdclef_iNat851502: no window passed the RMS + bird-band filters
birdclefxc_birdclef_XC337457: no window passed the RMS + bird-band filters
birdclefxc_birdclef_XC393257: no window passed the RMS + bird-band filters
birdclefxc_birdclef_XC394261: no window passed the RMS + bird-band filters
birdclefxc_birdclef_XC502362: no window passed the RMS + bird-band filters
birdclefxc_birdclef_XC343083: no window passed the RMS + bird-band filters
birdclefxc_birdclef_XC754853: no window passed the RMS + bird-band filters
birdclefxc_birdclef_XC82177: shorter than 1.0s after trim
birdclefxc_birdclef_XC800322: no window passed the RMS + bird-band filters
birdclefxc_birdclef_XC896056: no window passed the RMS + bird-band filters
birdclefinat_birdclef_iNat1684490: no window passed the RMS + bird-band filters
birdclefinat_birdclef_iNat891008: no window passed the RMS + bird-band filters
birdclefinat_birdclef_iNat1129162: no window passed the RMS + bird-band filters
birdclefxc_birdclef_XC118899: no window passed the RMS + bird-band filters
birdclefxc_birdclef_XC331429: no window passed the RMS + bird-band filters
birdclefxc_birdclef_XC585139: no window passed the RMS + bird-band filters
birdclefinat_birdclef_iNat1083534: no window passed the RMS + bird-band filters
birdclefinat_birdclef_iNat1002822: no window passed the RMS + bird-band filters
birdclefinat_birdclef_iNat1411706: no window passed the RMS + bird-band filters
birdclefinat_birdclef_iNat1162425: no window passed the RMS + bird-band filters
birdclefinat_birdclef_iNat1414434: no window passed the RMS + bird-band filters
birdclefinat_birdclef_iNat161585: no window passed the RMS + bird-band filters
birdclefinat_birdclef_iNat146111: no window passed the RMS + bird-band filters
birdclefinat_birdclef_iNat1567783: shorter than 1.0s after trim
birdclefinat_birdclef_iNat728232: no window passed the RMS + bird-band filters
birdclefinat_birdclef_iNat526155: no window passed the RMS + bird-band filters
birdclefinat_birdclef_iNat77642: no window passed the RMS + bird-band filters
birdclefinat_birdclef_iNat852143: no window passed the RMS + bird-band filters
birdclefinat_birdclef_iNat848855: no window passed the RMS + bird-band filters
birdclefxc_birdclef_XC342567: no window passed the RMS + bird-band filters
birdclefxc_birdclef_XC597913: no window passed the RMS + bird-band filters
birdclefinat_birdclef_iNat1166819: no window passed the RMS + bird-band filters
birdclefinat_birdclef_iNat1175461: no window passed the RMS + bird-band filters
birdclefinat_birdclef_iNat1175484: no window passed the RMS + bird-band filters
birdclefinat_birdclef_iNat1175465: no window passed the RMS + bird-band filters
birdclefinat_birdclef_iNat1175478: no window passed the RMS + bird-band filters
birdclefinat_birdclef_iNat1212605: no window passed the RMS + bird-band filters
birdclefinat_birdclef_iNat1212621: no window passed the RMS + bird-band filters
birdclefinat_birdclef_iNat1657250: shorter than 1.0s after trim
birdclefinat_birdclef_iNat1244093: no window passed the RMS + bird-band filters
birdclefinat_birdclef_iNat1244090: no window passed the RMS + bird-band filters
birdclefinat_birdclef_iNat790377: no window passed the RMS + bird-band filters
birdclefinat_birdclef_iNat799154: no window passed the RMS + bird-band filters
birdclefinat_birdclef_iNat831316: no window passed the RMS + bird-band filters
birdclefinat_birdclef_iNat563547: no window passed the RMS + bird-band filters
birdclefxc_birdclef_XC706290: no window passed the RMS + bird-band filters
birdclefxc_birdclef_XC350960: no window passed the RMS + bird-band filters
birdclefxc_birdclef_XC901443: no window passed the RMS + bird-band filters
birdclefinat_birdclef_iNat1292595: no window passed the RMS + bird-band filters
birdclefinat_birdclef_iNat1273561: no window passed the RMS + bird-band filters
birdclefinat_birdclef_iNat1734627: shorter than 1.0s after trim
birdclefinat_birdclef_iNat1412177: no window passed the RMS + bird-band filters
birdclefinat_birdclef_iNat1412176: no window passed the RMS + bird-band filters
birdclefxc_birdclef_XC1035625: no window passed the RMS + bird-band filters
birdclefxc_birdclef_XC360727: no window passed the RMS + bird-band filters
birdclefxc_birdclef_XC406578: no window passed the RMS + bird-band filters
birdclefxc_birdclef_XC360378: no window passed the RMS + bird-band filters
birdclefxc_birdclef_XC804030: no window passed the RMS + bird-band filters
birdclefinat_birdclef_iNat1483642: shorter than 1.0s after trim
birdclefxc_birdclef_XC708497: no window passed the RMS + bird-band filters
birdclefinat_birdclef_iNat601962: no window passed the RMS + bird-band filters
birdclefinat_birdclef_iNat177307: no window passed the RMS + bird-band filters
birdclefinat_birdclef_iNat375779: no window passed the RMS + bird-band filters
birdclefinat_birdclef_iNat843881: no window passed the RMS + bird-band filters
birdclefinat_birdclef_iNat764724: no window passed the RMS + bird-band filters
birdclefxc_birdclef_XC1006657: no window passed the RMS + bird-band filters
birdclefinat_birdclef_iNat1000641: no window passed the RMS + bird-band filters
birdclefinat_birdclef_iNat51568: no window passed the RMS + bird-band filters
birdclefxc_birdclef_XC1006656: no window passed the RMS + bird-band filters
birdclefxc_birdclef_XC393400: no window passed the RMS + bird-band filters
birdclefinat_birdclef_iNat787499: no window passed the RMS + bird-band filters
birdclefxc_birdclef_XC439950: no window passed the RMS + bird-band filters
birdclefxc_birdclef_XC857488: no window passed the RMS + bird-band filters
birdclefxc_birdclef_XC509511: no window passed the RMS + bird-band filters
birdclefxc_birdclef_XC116391: no window passed the RMS + bird-band filters
birdclefinat_birdclef_iNat1105013: no window passed the RMS + bird-band filters
birdclefxc_birdclef_XC951964: no window passed the RMS + bird-band filters
birdclefinat_birdclef_iNat714753: no window passed the RMS + bird-band filters
birdclefinat_birdclef_iNat1285874: no window passed the RMS + bird-band filters
birdclefinat_birdclef_iNat1300076: shorter than 1.0s after trim
birdclefinat_birdclef_iNat1300148: shorter than 1.0s after trim
birdclefinat_birdclef_iNat1257704: no window passed the RMS + bird-band filters
birdclefinat_birdclef_iNat1255179: no window passed the RMS + bird-band filters
birdclefinat_birdclef_iNat1313823: shorter than 1.0s after trim
birdclefinat_birdclef_iNat1449859: shorter than 1.0s after trim
birdclefinat_birdclef_iNat1257705: no window passed the RMS + bird-band filters
birdclefinat_birdclef_iNat147370: no window passed the RMS + bird-band filters
birdclefinat_birdclef_iNat1667770: shorter than 1.0s after trim
birdclefinat_birdclef_iNat1279091: no window passed the RMS + bird-band filters
birdclefinat_birdclef_iNat1692175: shorter than 1.0s after trim
birdclefinat_birdclef_iNat1653408: no window passed the RMS + bird-band filters
birdclefinat_birdclef_iNat1720297: no window passed the RMS + bird-band filters
birdclefinat_birdclef_iNat336128: no window passed the RMS + bird-band filters
birdclefinat_birdclef_iNat336124: no window passed the RMS + bird-band filters
birdclefinat_birdclef_iNat390986: no window passed the RMS + bird-band filters
birdclefinat_birdclef_iNat295154: no window passed the RMS + bird-band filters
birdclefinat_birdclef_iNat697233: no window passed the RMS + bird-band filters
birdclefinat_birdclef_iNat850823: no window passed the RMS + bird-band filters
birdclefinat_birdclef_iNat848856: no window passed the RMS + bird-band filters
birdclefinat_birdclef_iNat848768: no window passed the RMS + bird-band filters
birdclefinat_birdclef_iNat858660: no window passed the RMS + bird-band filters
birdclefinat_birdclef_iNat455658: no window passed the RMS + bird-band filters
birdclefinat_birdclef_iNat998321: no window passed the RMS + bird-band filters
birdclefinat_birdclef_iNat44509: no window passed the RMS + bird-band filters
birdclefxc_birdclef_XC1052997: no window passed the RMS + bird-band filters
birdclefxc_birdclef_XC1019732: no window passed the RMS + bird-band filters
birdclefxc_birdclef_XC630558: no window passed the RMS + bird-band filters
birdclefxc_birdclef_XC394279: no window passed the RMS + bird-band filters
birdclefxc_birdclef_XC964058: no window passed the RMS + bird-band filters
birdclefinat_birdclef_iNat139086: no window passed the RMS + bird-band filters
birdclefinat_birdclef_iNat139997: no window passed the RMS + bird-band filters
birdclefinat_birdclef_iNat1147978: no window passed the RMS + bird-band filters
birdclefinat_birdclef_iNat1677185: shorter than 1.0s after trim
birdclefinat_birdclef_iNat1517973: no window passed the RMS + bird-band filters
birdclefinat_birdclef_iNat333888: no window passed the RMS + bird-band filters
birdclefinat_birdclef_iNat348863: no window passed the RMS + bird-band filters
birdclefinat_birdclef_iNat768024: no window passed the RMS + bird-band filters
birdclefinat_birdclef_iNat79381: no window passed the RMS + bird-band filters
birdclefinat_birdclef_iNat786772: no window passed the RMS + bird-band filters
birdclefinat_birdclef_iNat811574: no window passed the RMS + bird-band filters
birdclefinat_birdclef_iNat1625501: no window passed the RMS + bird-band filters
birdclefxc_birdclef_XC698366: no window passed the RMS + bird-band filters
birdclefxc_birdclef_XC863925: no window passed the RMS + bird-band filters
birdclefinat_birdclef_iNat1276971: shorter than 1.0s after trim
birdclefxc_birdclef_XC974090: no window passed the RMS + bird-band filters
birdclefinat_birdclef_iNat1299298: shorter than 1.0s after trim
birdclefinat_birdclef_iNat1277118: no window passed the RMS + bird-band filters
birdclefinat_birdclef_iNat1491465: shorter than 1.0s after trim
birdclefinat_birdclef_iNat970815: no window passed the RMS + bird-band filters
birdclefinat_birdclef_iNat729636: no window passed the RMS + bird-band filters
birdclefinat_birdclef_iNat600179: no window passed the RMS + bird-band filters
birdclefinat_birdclef_iNat985891: no window passed the RMS + bird-band filters
birdclefinat_birdclef_iNat600204: no window passed the RMS + bird-band filters
birdclefinat_birdclef_iNat879688: no window passed the RMS + bird-band filters
birdclefxc_birdclef_XC872649: no window passed the RMS + bird-band filters
birdclefinat_birdclef_iNat1293642: shorter than 1.0s after trim
birdclefinat_birdclef_iNat1043575: no window passed the RMS + bird-band filters
birdclefinat_birdclef_iNat1147948: no window passed the RMS + bird-band filters
birdclefinat_birdclef_iNat1705081: no window passed the RMS + bird-band filters
birdclefinat_birdclef_iNat734014: no window passed the RMS + bird-band filters
birdclefinat_birdclef_iNat799908: no window passed the RMS + bird-band filters
birdclefinat_birdclef_iNat512012: no window passed the RMS + bird-band filters
birdclefinat_birdclef_iNat1627945: no window passed the RMS + bird-band filters
birdclefinat_birdclef_iNat914637: no window passed the RMS + bird-band filters
birdclefinat_birdclef_iNat78044: no window passed the RMS + bird-band filters
birdclefxc_birdclef_XC430744: no window passed the RMS + bird-band filters
birdclefxc_birdclef_XC394327: no window passed the RMS + bird-band filters
birdclefxc_birdclef_XC337075: no window passed the RMS + bird-band filters
birdclefinat_birdclef_iNat1321023: shorter than 1.0s after trim
birdclefinat_birdclef_iNat1345739: shorter than 1.0s after trim
birdclefinat_birdclef_iNat1471076: shorter than 1.0s after trim
birdclefinat_birdclef_iNat1532661: shorter than 1.0s after trim
birdclefinat_birdclef_iNat1720286: no window passed the RMS + bird-band filters
birdclefinat_birdclef_iNat1643746: no window passed the RMS + bird-band filters
birdclefxc_birdclef_XC428415: no window passed the RMS + bird-band filters
birdclefxc_birdclef_XC419472: no window passed the RMS + bird-band filters
birdclefxc_birdclef_XC504147: no window passed the RMS + bird-band filters
birdclefxc_birdclef_XC857489: no window passed the RMS + bird-band filters
birdclefinat_birdclef_iNat1260487: no window passed the RMS + bird-band filters
birdclefinat_birdclef_iNat1590156: shorter than 1.0s after trim
birdclefinat_birdclef_iNat1142748: no window passed the RMS + bird-band filters
birdclefxc_birdclef_XC863906: no window passed the RMS + bird-band filters
birdclefinat_birdclef_iNat1602640: shorter than 1.0s after trim
birdclefinat_birdclef_iNat1615799: no window passed the RMS + bird-band filters
birdclefinat_birdclef_iNat224122: no window passed the RMS + bird-band filters
birdclefinat_birdclef_iNat1578902: no window passed the RMS + bird-band filters
birdclefinat_birdclef_iNat1578901: no window passed the RMS + bird-band filters
birdclefinat_birdclef_iNat1578903: no window passed the RMS + bird-band filters
birdclefinat_birdclef_iNat294323: no window passed the RMS + bird-band filters
birdclefinat_birdclef_iNat291503: no window passed the RMS + bird-band filters
birdclefinat_birdclef_iNat511725: no window passed the RMS + bird-band filters
birdclefxc_birdclef_XC830873: no window passed the RMS + bird-band filters
birdclefinat_birdclef_iNat787694: no window passed the RMS + bird-band filters
birdclefinat_birdclef_iNat812271: no window passed the RMS + bird-band filters
birdclefxc_birdclef_XC1014684: no window passed the RMS + bird-band filters
birdclefinat_birdclef_iNat1123352: no window passed the RMS + bird-band filters
birdclefinat_birdclef_iNat816760: no window passed the RMS + bird-band filters
birdclefinat_birdclef_iNat288804: no window passed the RMS + bird-band filters
birdclefinat_birdclef_iNat523819: no window passed the RMS + bird-band filters
birdclefinat_birdclef_iNat821973: no window passed the RMS + bird-band filters
birdclefinat_birdclef_iNat1445208: no window passed the RMS + bird-band filters
birdclefxc_birdclef_XC626057: no window passed the RMS + bird-band filters
birdclefinat_birdclef_iNat1560846: no window passed the RMS + bird-band filters
birdclefinat_birdclef_iNat1696713: shorter than 1.0s after trim
birdclefinat_birdclef_iNat870997: shorter than 1.0s after trim
birdclefinat_birdclef_iNat869228: shorter than 1.0s after trim
birdclefinat_birdclef_iNat870998: shorter than 1.0s after trim
birdclefinat_birdclef_iNat1281666: no window passed the RMS + bird-band filters
birdclefinat_birdclef_iNat1670422: no window passed the RMS + bird-band filters
birdclefinat_birdclef_iNat1646452: no window passed the RMS + bird-band filters
birdclefinat_birdclef_iNat885662: no window passed the RMS + bird-band filters
birdclefinat_birdclef_iNat553184: no window passed the RMS + bird-band filters
birdclefinat_birdclef_iNat163659: no window passed the RMS + bird-band filters
birdclefinat_birdclef_iNat981606: no window passed the RMS + bird-band filters
birdclefinat_birdclef_iNat944541: no window passed the RMS + bird-band filters
birdclefinat_birdclef_iNat1055696: no window passed the RMS + bird-band filters
birdclefinat_birdclef_iNat1402979: shorter than 1.0s after trim
birdclefxc_birdclef_XC679725: no window passed the RMS + bird-band filters
birdclefinat_birdclef_iNat1421668: no window passed the RMS + bird-band filters
birdclefinat_birdclef_iNat991458: no window passed the RMS + bird-band filters
birdclefinat_birdclef_iNat763160: no window passed the RMS + bird-band filters
birdclefinat_birdclef_iNat1412178: no window passed the RMS + bird-band filters
birdclefinat_birdclef_iNat983988: no window passed the RMS + bird-band filters
birdclefinat_birdclef_iNat995749: no window passed the RMS + bird-band filters
birdclefxc_birdclef_XC1053669: no window passed the RMS + bird-band filters
birdclefxc_birdclef_XC1052907: no window passed the RMS + bird-band filters
birdclefxc_birdclef_XC902641: no window passed the RMS + bird-band filters
birdclefxc_birdclef_XC621066: no window passed the RMS + bird-band filters
birdclefxc_birdclef_XC914479: no window passed the RMS + bird-band filters
birdclefxc_birdclef_XC914486: no window passed the RMS + bird-band filters
birdclefxc_birdclef_XC914484: no window passed the RMS + bird-band filters
birdclefxc_birdclef_XC914485: no window passed the RMS + bird-band filters
birdclefxc_birdclef_XC914490: no window passed the RMS + bird-band filters
birdclefxc_birdclef_XC987292: no window passed the RMS + bird-band filters
birdclefxc_birdclef_XC830197: no window passed the RMS + bird-band filters
birdclefinat_birdclef_iNat1594767: shorter than 1.0s after trim
birdclefinat_birdclef_iNat1169086: no window passed the RMS + bird-band filters
birdclefinat_birdclef_iNat1532332: no window passed the RMS + bird-band filters
birdclefinat_birdclef_iNat1373306: no window passed the RMS + bird-band filters
birdclefinat_birdclef_iNat1062211: no window passed the RMS + bird-band filters
birdclefinat_birdclef_iNat1700145: no window passed the RMS + bird-band filters
birdclefinat_birdclef_iNat122263: no window passed the RMS + bird-band filters
birdclefxc_birdclef_XC940029: no window passed the RMS + bird-band filters
birdclefinat_birdclef_iNat245608: no window passed the RMS + bird-band filters
birdclefinat_birdclef_iNat915724: shorter than 1.0s after trim
birdclefinat_birdclef_iNat620032: no window passed the RMS + bird-band filters
birdclefinat_birdclef_iNat612364: no window passed the RMS + bird-band filters
birdclefinat_birdclef_iNat619949: no window passed the RMS + bird-band filters
birdclefinat_birdclef_iNat1000631: no window passed the RMS + bird-band filters
birdclefinat_birdclef_iNat73775: no window passed the RMS + bird-band filters
birdclefxc_birdclef_XC148250: no window passed the RMS + bird-band filters
birdclefxc_birdclef_XC342582: no window passed the RMS + bird-band filters
birdclefxc_birdclef_XC288825: no window passed the RMS + bird-band filters
birdclefxc_birdclef_XC461360: no window passed the RMS + bird-band filters
birdclefxc_birdclef_XC577135: no window passed the RMS + bird-band filters
birdclefxc_birdclef_XC961906: no window passed the RMS + bird-band filters
birdclefxc_birdclef_XC995132: no window passed the RMS + bird-band filters
birdclefinat_birdclef_iNat1734628: shorter than 1.0s after trim
birdclefinat_birdclef_iNat81751: shorter than 1.0s after trim
birdclefinat_birdclef_iNat1354674: no window passed the RMS + bird-band filters
birdclefxc_birdclef_XC179294: no window passed the RMS + bird-band filters
birdclefxc_birdclef_XC804023: no window passed the RMS + bird-band filters
birdclefinat_birdclef_iNat1387094: shorter than 1.0s after trim
birdclefinat_birdclef_iNat1136472: no window passed the RMS + bird-band filters
birdclefinat_birdclef_iNat1432132: shorter than 1.0s after trim
birdclefinat_birdclef_iNat1158725: no window passed the RMS + bird-band filters
birdclefinat_birdclef_iNat1565923: no window passed the RMS + bird-band filters
birdclefinat_birdclef_iNat556994: no window passed the RMS + bird-band filters
birdclefinat_birdclef_iNat1144795: no window passed the RMS + bird-band filters
birdclefxc_birdclef_XC361196: no window passed the RMS + bird-band filters
birdclefinat_birdclef_iNat692778: no window passed the RMS + bird-band filters
birdclefinat_birdclef_iNat841741: no window passed the RMS + bird-band filters
birdclefxc_birdclef_XC993753: no window passed the RMS + bird-band filters
birdclefinat_birdclef_iNat1304683: no window passed the RMS + bird-band filters
birdclefinat_birdclef_iNat125191: no window passed the RMS + bird-band filters
birdclefinat_birdclef_iNat1355327: shorter than 1.0s after trim
birdclefinat_birdclef_iNat1158730: no window passed the RMS + bird-band filters
birdclefinat_birdclef_iNat1158728: no window passed the RMS + bird-band filters
birdclefinat_birdclef_iNat1292634: no window passed the RMS + bird-band filters
birdclefinat_birdclef_iNat1525398: no window passed the RMS + bird-band filters
birdclefinat_birdclef_iNat1718955: shorter than 1.0s after trim
birdclefinat_birdclef_iNat1691179: no window passed the RMS + bird-band filters
birdclefinat_birdclef_iNat1419462: no window passed the RMS + bird-band filters
birdclefinat_birdclef_iNat1467862: no window passed the RMS + bird-band filters
birdclefinat_birdclef_iNat396715: no window passed the RMS + bird-band filters
birdclefinat_birdclef_iNat1577032: no window passed the RMS + bird-band filters
birdclefinat_birdclef_iNat1181554: no window passed the RMS + bird-band filters
birdclefinat_birdclef_iNat46338: no window passed the RMS + bird-band filters
birdclefinat_birdclef_iNat769895: no window passed the RMS + bird-band filters
birdclefinat_birdclef_iNat203846: no window passed the RMS + bird-band filters
birdclefinat_birdclef_iNat138301: no window passed the RMS + bird-band filters
birdclefinat_birdclef_iNat809851: no window passed the RMS + bird-band filters
birdclefxc_birdclef_XC115381: no window passed the RMS + bird-band filters
birdclefinat_birdclef_iNat1654594: no window passed the RMS + bird-band filters
birdclefxc_birdclef_XC1054021: no window passed the RMS + bird-band filters
birdclefxc_birdclef_XC1006623: no window passed the RMS + bird-band filters
birdclefinat_birdclef_iNat901733: no window passed the RMS + bird-band filters
birdclefxc_birdclef_XC993767: no window passed the RMS + bird-band filters
birdclefxc_birdclef_XC577958: no window passed the RMS + bird-band filters
birdclefxc_birdclef_XC543019: no window passed the RMS + bird-band filters
birdclefxc_birdclef_XC604864: no window passed the RMS + bird-band filters
birdclefxc_birdclef_XC604865: no window passed the RMS + bird-band filters
birdclefxc_birdclef_XC769386: no window passed the RMS + bird-band filters
birdclefxc_birdclef_XC857552: no window passed the RMS + bird-band filters
birdclefxc_birdclef_XC541176: no window passed the RMS + bird-band filters
birdclefxc_birdclef_XC987303: no window passed the RMS + bird-band filters
birdclefinat_birdclef_iNat1043530: no window passed the RMS + bird-band filters
birdclefinat_birdclef_iNat102376: no window passed the RMS + bird-band filters
birdclefinat_birdclef_iNat102377: no window passed the RMS + bird-band filters
birdclefinat_birdclef_iNat1181651: shorter than 1.0s after trim
birdclefinat_birdclef_iNat1243633: no window passed the RMS + bird-band filters
birdclefinat_birdclef_iNat1318468: no window passed the RMS + bird-band filters
birdclefinat_birdclef_iNat1162705: no window passed the RMS + bird-band filters
birdclefinat_birdclef_iNat1002801: no window passed the RMS + bird-band filters
birdclefinat_birdclef_iNat1685298: shorter than 1.0s after trim
birdclefinat_birdclef_iNat1687317: shorter than 1.0s after trim
birdclefinat_birdclef_iNat1705430: shorter than 1.0s after trim
birdclefinat_birdclef_iNat1701203: shorter than 1.0s after trim
birdclefinat_birdclef_iNat1118591: no window passed the RMS + bird-band filters
birdclefinat_birdclef_iNat1002797: no window passed the RMS + bird-band filters
birdclefinat_birdclef_iNat199466: no window passed the RMS + bird-band filters
birdclefinat_birdclef_iNat1631782: no window passed the RMS + bird-band filters
birdclefinat_birdclef_iNat1720270: no window passed the RMS + bird-band filters
birdclefinat_birdclef_iNat372032: no window passed the RMS + bird-band filters
birdclefinat_birdclef_iNat671916: shorter than 1.0s after trim
birdclefinat_birdclef_iNat797558: shorter than 1.0s after trim
birdclefinat_birdclef_iNat319151: no window passed the RMS + bird-band filters
birdclefinat_birdclef_iNat763641: no window passed the RMS + bird-band filters
birdclefinat_birdclef_iNat928545: no window passed the RMS + bird-band filters
birdclefxc_birdclef_XC349788: no window passed the RMS + bird-band filters
birdclefxc_birdclef_XC317519: no window passed the RMS + bird-band filters
birdclefxc_birdclef_XC360399: no window passed the RMS + bird-band filters
birdclefxc_birdclef_XC360397: no window passed the RMS + bird-band filters
birdclefxc_birdclef_XC666974: no window passed the RMS + bird-band filters
birdclefxc_birdclef_XC688647: no window passed the RMS + bird-band filters
birdclefxc_birdclef_XC678396: no window passed the RMS + bird-band filters
birdclefinat_birdclef_iNat1121734: no window passed the RMS + bird-band filters
birdclefinat_birdclef_iNat1231753: no window passed the RMS + bird-band filters
birdclefinat_birdclef_iNat1246497: no window passed the RMS + bird-band filters
birdclefinat_birdclef_iNat1208716: no window passed the RMS + bird-band filters
birdclefinat_birdclef_iNat1287587: no window passed the RMS + bird-band filters
birdclefinat_birdclef_iNat1510202: shorter than 1.0s after trim
birdclefinat_birdclef_iNat1664377: shorter than 1.0s after trim
birdclefinat_birdclef_iNat1659831: no window passed the RMS + bird-band filters
birdclefinat_birdclef_iNat1412056: no window passed the RMS + bird-band filters
birdclefinat_birdclef_iNat1686276: no window passed the RMS + bird-band filters
birdclefinat_birdclef_iNat336126: no window passed the RMS + bird-band filters
birdclefinat_birdclef_iNat312473: no window passed the RMS + bird-band filters
birdclefinat_birdclef_iNat321951: no window passed the RMS + bird-band filters
birdclefinat_birdclef_iNat320800: no window passed the RMS + bird-band filters
birdclefinat_birdclef_iNat321824: no window passed the RMS + bird-band filters
birdclefinat_birdclef_iNat423796: no window passed the RMS + bird-band filters
birdclefinat_birdclef_iNat369345: no window passed the RMS + bird-band filters
birdclefinat_birdclef_iNat337897: no window passed the RMS + bird-band filters
birdclefinat_birdclef_iNat558237: no window passed the RMS + bird-band filters
birdclefinat_birdclef_iNat577930: no window passed the RMS + bird-band filters
birdclefinat_birdclef_iNat547607: no window passed the RMS + bird-band filters
birdclefinat_birdclef_iNat556274: no window passed the RMS + bird-band filters
birdclefinat_birdclef_iNat786434: no window passed the RMS + bird-band filters
birdclefinat_birdclef_iNat692709: no window passed the RMS + bird-band filters
birdclefxc_birdclef_XC114110: no window passed the RMS + bird-band filters
birdclefxc_birdclef_XC552928: no window passed the RMS + bird-band filters
birdclefxc_birdclef_XC856202: no window passed the RMS + bird-band filters
birdclefinat_birdclef_iNat1211120: no window passed the RMS + bird-band filters
birdclefinat_birdclef_iNat1459458: no window passed the RMS + bird-band filters
birdclefinat_birdclef_iNat563425: no window passed the RMS + bird-band filters
birdclefinat_birdclef_iNat1677843: no window passed the RMS + bird-band filters
birdclefinat_birdclef_iNat375780: no window passed the RMS + bird-band filters
birdclefinat_birdclef_iNat891007: no window passed the RMS + bird-band filters
birdclefinat_birdclef_iNat836346: no window passed the RMS + bird-band filters
birdclefinat_birdclef_iNat1002820: no window passed the RMS + bird-band filters
birdclefinat_birdclef_iNat1203529: shorter than 1.0s after trim
birdclefinat_birdclef_iNat1191137: no window passed the RMS + bird-band filters
birdclefinat_birdclef_iNat1206201: no window passed the RMS + bird-band filters
birdclefinat_birdclef_iNat1164497: no window passed the RMS + bird-band filters
birdclefinat_birdclef_iNat1191138: no window passed the RMS + bird-band filters
birdclefinat_birdclef_iNat1259535: no window passed the RMS + bird-band filters
birdclefinat_birdclef_iNat1405995: shorter than 1.0s after trim
birdclefinat_birdclef_iNat1434604: shorter than 1.0s after trim
birdclefinat_birdclef_iNat1422060: no window passed the RMS + bird-band filters
birdclefinat_birdclef_iNat1529540: no window passed the RMS + bird-band filters
birdclefinat_birdclef_iNat1373214: no window passed the RMS + bird-band filters
birdclefinat_birdclef_iNat1637169: shorter than 1.0s after trim
birdclefinat_birdclef_iNat1637171: shorter than 1.0s after trim
birdclefinat_birdclef_iNat1685486: shorter than 1.0s after trim
birdclefinat_birdclef_iNat1594911: no window passed the RMS + bird-band filters
birdclefinat_birdclef_iNat1693281: no window passed the RMS + bird-band filters
birdclefinat_birdclef_iNat1278617: no window passed the RMS + bird-band filters
birdclefinat_birdclef_iNat307134: no window passed the RMS + bird-band filters
birdclefinat_birdclef_iNat149380: no window passed the RMS + bird-band filters
birdclefinat_birdclef_iNat319784: no window passed the RMS + bird-band filters
birdclefinat_birdclef_iNat319976: no window passed the RMS + bird-band filters
birdclefinat_birdclef_iNat21042: no window passed the RMS + bird-band filters
birdclefinat_birdclef_iNat634739: no window passed the RMS + bird-band filters
birdclefinat_birdclef_iNat74926: no window passed the RMS + bird-band filters
birdclefinat_birdclef_iNat76185: no window passed the RMS + bird-band filters
birdclefinat_birdclef_iNat514340: no window passed the RMS + bird-band filters
birdclefinat_birdclef_iNat71355: no window passed the RMS + bird-band filters
birdclefinat_birdclef_iNat875288: no window passed the RMS + bird-band filters
birdclefinat_birdclef_iNat728225: no window passed the RMS + bird-band filters
birdclefinat_birdclef_iNat67671: no window passed the RMS + bird-band filters
birdclefxc_birdclef_XC154203: no window passed the RMS + bird-band filters
birdclefxc_birdclef_XC608627: no window passed the RMS + bird-band filters
birdclefinat_birdclef_iNat1244955: shorter than 1.0s after trim
birdclefinat_birdclef_iNat1432051: no window passed the RMS + bird-band filters
birdclefinat_birdclef_iNat1614869: no window passed the RMS + bird-band filters
birdclefinat_birdclef_iNat1238406: no window passed the RMS + bird-band filters
birdclefinat_birdclef_iNat1695874: shorter than 1.0s after trim
birdclefinat_birdclef_iNat1028326: no window passed the RMS + bird-band filters
birdclefinat_birdclef_iNat260355: no window passed the RMS + bird-band filters
birdclefinat_birdclef_iNat1355359: no window passed the RMS + bird-band filters
birdclefinat_birdclef_iNat1627952: no window passed the RMS + bird-band filters
birdclefinat_birdclef_iNat465128: no window passed the RMS + bird-band filters
birdclefinat_birdclef_iNat763642: no window passed the RMS + bird-band filters
birdclefinat_birdclef_iNat403248: no window passed the RMS + bird-band filters
birdclefinat_birdclef_iNat387255: no window passed the RMS + bird-band filters
birdclefinat_birdclef_iNat1266826: no window passed the RMS + bird-band filters
birdclefinat_birdclef_iNat749689: no window passed the RMS + bird-band filters
birdclefinat_birdclef_iNat838205: no window passed the RMS + bird-band filters
birdclefinat_birdclef_iNat1627957: no window passed the RMS + bird-band filters
birdclefinat_birdclef_iNat1499726: no window passed the RMS + bird-band filters
birdclefinat_birdclef_iNat725937: no window passed the RMS + bird-band filters
birdclefinat_birdclef_iNat580338: no window passed the RMS + bird-band filters
birdclefinat_birdclef_iNat1627746: no window passed the RMS + bird-band filters
birdclefinat_birdclef_iNat1146641: no window passed the RMS + bird-band filters
birdclefinat_birdclef_iNat1264642: no window passed the RMS + bird-band filters
birdclefinat_birdclef_iNat1224215: no window passed the RMS + bird-band filters
birdclefinat_birdclef_iNat1374076: shorter than 1.0s after trim
birdclefinat_birdclef_iNat1456192: shorter than 1.0s after trim
birdclefinat_birdclef_iNat1503058: shorter than 1.0s after trim
birdclefinat_birdclef_iNat1286064: no window passed the RMS + bird-band filters
birdclefinat_birdclef_iNat1286066: no window passed the RMS + bird-band filters
birdclefinat_birdclef_iNat1207584: no window passed the RMS + bird-band filters
birdclefinat_birdclef_iNat1286063: no window passed the RMS + bird-band filters
birdclefinat_birdclef_iNat1286984: no window passed the RMS + bird-band filters
birdclefinat_birdclef_iNat786951: no window passed the RMS + bird-band filters
birdclefinat_birdclef_iNat841742: no window passed the RMS + bird-band filters
birdclefinat_birdclef_iNat912583: no window passed the RMS + bird-band filters
birdclefinat_birdclef_iNat850806: no window passed the RMS + bird-band filters
birdclefinat_birdclef_iNat781680: no window passed the RMS + bird-band filters
birdclefinat_birdclef_iNat854220: no window passed the RMS + bird-band filters
birdclefinat_birdclef_iNat924518: no window passed the RMS + bird-band filters
birdclefinat_birdclef_iNat577837: no window passed the RMS + bird-band filters
birdclefinat_birdclef_iNat818109: no window passed the RMS + bird-band filters
birdclefxc_birdclef_XC342595: no window passed the RMS + bird-band filters
birdclefxc_birdclef_XC423380: no window passed the RMS + bird-band filters
birdclefxc_birdclef_XC587669: no window passed the RMS + bird-band filters
birdclefxc_birdclef_XC342587: no window passed the RMS + bird-band filters
birdclefinat_birdclef_iNat1032741: no window passed the RMS + bird-band filters
birdclefinat_birdclef_iNat1358573: shorter than 1.0s after trim
birdclefinat_birdclef_iNat1358561: shorter than 1.0s after trim
birdclefinat_birdclef_iNat1185477: no window passed the RMS + bird-band filters
birdclefinat_birdclef_iNat1207583: no window passed the RMS + bird-band filters
birdclefinat_birdclef_iNat188319: shorter than 1.0s after trim
birdclefinat_birdclef_iNat1664410: no window passed the RMS + bird-band filters
birdclefinat_birdclef_iNat1328069: no window passed the RMS + bird-band filters
birdclefinat_birdclef_iNat1666131: no window passed the RMS + bird-band filters
birdclefinat_birdclef_iNat318309: no window passed the RMS + bird-band filters
birdclefinat_birdclef_iNat135213: no window passed the RMS + bird-band filters
birdclefinat_birdclef_iNat571710: no window passed the RMS + bird-band filters
birdclefinat_birdclef_iNat912835: no window passed the RMS + bird-band filters
birdclefxc_birdclef_XC130623: no window passed the RMS + bird-band filters
birdclefinat_birdclef_iNat1715167: no window passed the RMS + bird-band filters
birdclefxc_birdclef_XC376252: no window passed the RMS + bird-band filters
birdclefxc_birdclef_XC538049: no window passed the RMS + bird-band filters
birdclefxc_birdclef_XC830324: no window passed the RMS + bird-band filters
birdclefxc_birdclef_XC875486: no window passed the RMS + bird-band filters
birdclefxc_birdclef_XC912187: no window passed the RMS + bird-band filters
birdclefxc_birdclef_XC1035442: no window passed the RMS + bird-band filters
birdclefxc_birdclef_XC971179: no window passed the RMS + bird-band filters
birdclefinat_birdclef_iNat76754: no window passed the RMS + bird-band filters
birdclefxc_birdclef_XC467895: shorter than 1.0s after trim
birdclefxc_birdclef_XC835185: no window passed the RMS + bird-band filters
birdclefinat_birdclef_iNat1165584: shorter than 1.0s after trim
birdclefinat_birdclef_iNat1153307: no window passed the RMS + bird-band filters
birdclefinat_birdclef_iNat1252070: shorter than 1.0s after trim
birdclefinat_birdclef_iNat1245334: no window passed the RMS + bird-band filters
birdclefinat_birdclef_iNat1347727: shorter than 1.0s after trim
birdclefinat_birdclef_iNat1367996: shorter than 1.0s after trim
birdclefinat_birdclef_iNat1342311: no window passed the RMS + bird-band filters
birdclefinat_birdclef_iNat1465517: shorter than 1.0s after trim
birdclefinat_birdclef_iNat1420858: no window passed the RMS + bird-band filters
birdclefinat_birdclef_iNat1342312: no window passed the RMS + bird-band filters
birdclefinat_birdclef_iNat1487923: no window passed the RMS + bird-band filters
birdclefinat_birdclef_iNat1490053: shorter than 1.0s after trim
birdclefinat_birdclef_iNat1665191: shorter than 1.0s after trim
birdclefinat_birdclef_iNat1675976: shorter than 1.0s after trim
birdclefinat_birdclef_iNat1670795: shorter than 1.0s after trim
birdclefinat_birdclef_iNat1691050: shorter than 1.0s after trim
birdclefinat_birdclef_iNat272658: no window passed the RMS + bird-band filters
birdclefinat_birdclef_iNat272652: no window passed the RMS + bird-band filters
birdclefinat_birdclef_iNat340540: no window passed the RMS + bird-band filters
birdclefinat_birdclef_iNat448777: no window passed the RMS + bird-band filters
birdclefinat_birdclef_iNat546585: no window passed the RMS + bird-band filters
birdclefinat_birdclef_iNat706958: no window passed the RMS + bird-band filters
birdclefinat_birdclef_iNat580343: no window passed the RMS + bird-band filters
birdclefinat_birdclef_iNat1250803: no window passed the RMS + bird-band filters
birdclefinat_birdclef_iNat743298: no window passed the RMS + bird-band filters
birdclefinat_birdclef_iNat347581: no window passed the RMS + bird-band filters
birdclefinat_birdclef_iNat697231: no window passed the RMS + bird-band filters
birdclefinat_birdclef_iNat557890: no window passed the RMS + bird-band filters
birdclefinat_birdclef_iNat843838: no window passed the RMS + bird-band filters
birdclefinat_birdclef_iNat827530: no window passed the RMS + bird-band filters
birdclefinat_birdclef_iNat77050: no window passed the RMS + bird-band filters
birdclefxc_birdclef_XC349792: no window passed the RMS + bird-band filters
birdclefxc_birdclef_XC355951: no window passed the RMS + bird-band filters
birdclefxc_birdclef_XC353029: no window passed the RMS + bird-band filters
birdclefinat_birdclef_iNat590885: no window passed the RMS + bird-band filters
birdclefxc_birdclef_XC288827: no window passed the RMS + bird-band filters
birdclefxc_birdclef_XC353032: no window passed the RMS + bird-band filters
birdclefxc_birdclef_XC419267: no window passed the RMS + bird-band filters
birdclefxc_birdclef_XC1006320: no window passed the RMS + bird-band filters
birdclefxc_birdclef_XC313616: no window passed the RMS + bird-band filters
birdclefxc_birdclef_XC313615: no window passed the RMS + bird-band filters
birdclefxc_birdclef_XC393274: no window passed the RMS + bird-band filters
birdclefxc_birdclef_XC926487: no window passed the RMS + bird-band filters
birdclefxc_birdclef_XC704986: no window passed the RMS + bird-band filters
birdclefxc_birdclef_XC723737: no window passed the RMS + bird-band filters
birdclefxc_birdclef_XC728733: no window passed the RMS + bird-band filters
birdclefxc_birdclef_XC707590: no window passed the RMS + bird-band filters
birdclefxc_birdclef_XC837541: no window passed the RMS + bird-band filters
birdclefxc_birdclef_XC729987: no window passed the RMS + bird-band filters
birdclefxc_birdclef_XC982465: no window passed the RMS + bird-band filters
birdclefinat_birdclef_iNat1451619: shorter than 1.0s after trim
birdclefinat_birdclef_iNat1537360: shorter than 1.0s after trim
birdclefinat_birdclef_iNat1736437: shorter than 1.0s after trim
birdclefinat_birdclef_iNat323704: no window passed the RMS + bird-band filters
birdclefinat_birdclef_iNat1270528: no window passed the RMS + bird-band filters
birdclefinat_birdclef_iNat323703: no window passed the RMS + bird-band filters
birdclefinat_birdclef_iNat1560844: no window passed the RMS + bird-band filters
birdclefinat_birdclef_iNat821578: no window passed the RMS + bird-band filters
birdclefinat_birdclef_iNat1688412: no window passed the RMS + bird-band filters
birdclefinat_birdclef_iNat1560838: no window passed the RMS + bird-band filters
birdclefinat_birdclef_iNat841739: no window passed the RMS + bird-band filters
birdclefinat_birdclef_iNat843366: no window passed the RMS + bird-band filters
birdclefinat_birdclef_iNat535802: no window passed the RMS + bird-band filters
birdclefxc_birdclef_XC1040539: no window passed the RMS + bird-band filters
birdclefinat_birdclef_iNat59088: no window passed the RMS + bird-band filters
birdclefxc_birdclef_XC377750: no window passed the RMS + bird-band filters
birdclefxc_birdclef_XC1006635: no window passed the RMS + bird-band filters
birdclefinat_birdclef_iNat158174: no window passed the RMS + bird-band filters
birdclefinat_birdclef_iNat123543: no window passed the RMS + bird-band filters
birdclefinat_birdclef_iNat1677846: no window passed the RMS + bird-band filters
birdclefinat_birdclef_iNat175755: no window passed the RMS + bird-band filters
birdclefinat_birdclef_iNat1721055: no window passed the RMS + bird-band filters
birdclefinat_birdclef_iNat577802: no window passed the RMS + bird-band filters
birdclefxc_birdclef_XC530458: no window passed the RMS + bird-band filters
birdclefxc_birdclef_XC530459: no window passed the RMS + bird-band filters
birdclefxc_birdclef_XC754800: no window passed the RMS + bird-band filters
birdclefinat_birdclef_iNat1420444: shorter than 1.0s after trim
birdclefinat_birdclef_iNat1254239: no window passed the RMS + bird-band filters
birdclefinat_birdclef_iNat1468159: shorter than 1.0s after trim
birdclefinat_birdclef_iNat1411591: no window passed the RMS + bird-band filters
birdclefinat_birdclef_iNat1341245: no window passed the RMS + bird-band filters
birdclefinat_birdclef_iNat1210282: no window passed the RMS + bird-band filters
birdclefinat_birdclef_iNat1432377: no window passed the RMS + bird-band filters
birdclefinat_birdclef_iNat1016559: no window passed the RMS + bird-band filters
birdclefinat_birdclef_iNat1647280: shorter than 1.0s after trim
birdclefinat_birdclef_iNat1664402: shorter than 1.0s after trim
birdclefinat_birdclef_iNat1667664: shorter than 1.0s after trim
birdclefinat_birdclef_iNat1585403: no window passed the RMS + bird-band filters
birdclefinat_birdclef_iNat1276294: no window passed the RMS + bird-band filters
birdclefinat_birdclef_iNat1642711: no window passed the RMS + bird-band filters
birdclefinat_birdclef_iNat1208786: no window passed the RMS + bird-band filters
birdclefinat_birdclef_iNat1590663: no window passed the RMS + bird-band filters
birdclefinat_birdclef_iNat1568604: no window passed the RMS + bird-band filters
birdclefinat_birdclef_iNat1482080: no window passed the RMS + bird-band filters
birdclefinat_birdclef_iNat1689237: no window passed the RMS + bird-band filters
birdclefinat_birdclef_iNat1625489: no window passed the RMS + bird-band filters
birdclefinat_birdclef_iNat204558: no window passed the RMS + bird-band filters
birdclefinat_birdclef_iNat1590810: no window passed the RMS + bird-band filters
birdclefinat_birdclef_iNat1689207: no window passed the RMS + bird-band filters
birdclefinat_birdclef_iNat1708376: no window passed the RMS + bird-band filters
birdclefinat_birdclef_iNat264728: no window passed the RMS + bird-band filters
birdclefinat_birdclef_iNat841931: shorter than 1.0s after trim
birdclefinat_birdclef_iNat980195: shorter than 1.0s after trim
birdclefinat_birdclef_iNat252599: no window passed the RMS + bird-band filters
birdclefinat_birdclef_iNat229848: no window passed the RMS + bird-band filters
birdclefinat_birdclef_iNat871818: no window passed the RMS + bird-band filters
birdclefinat_birdclef_iNat571119: no window passed the RMS + bird-band filters
birdclefinat_birdclef_iNat569628: no window passed the RMS + bird-band filters
birdclefinat_birdclef_iNat569627: no window passed the RMS + bird-band filters
birdclefinat_birdclef_iNat1205949: no window passed the RMS + bird-band filters
birdclefinat_birdclef_iNat1291008: shorter than 1.0s after trim
birdclefinat_birdclef_iNat353734: no window passed the RMS + bird-band filters
birdclefinat_birdclef_iNat57338: no window passed the RMS + bird-band filters
birdclefinat_birdclef_iNat571659: no window passed the RMS + bird-band filters
birdclefinat_birdclef_iNat692741: no window passed the RMS + bird-band filters
birdclefinat_birdclef_iNat580355: no window passed the RMS + bird-band filters
birdclefinat_birdclef_iNat1446997: shorter than 1.0s after trim
birdclefinat_birdclef_iNat1540292: shorter than 1.0s after trim
birdclefinat_birdclef_iNat331008: no window passed the RMS + bird-band filters
birdclefinat_birdclef_iNat331011: no window passed the RMS + bird-band filters
birdclefinat_birdclef_iNat1631946: no window passed the RMS + bird-band filters
birdclefxc_birdclef_XC343337: no window passed the RMS + bird-band filters
birdclefxc_birdclef_XC393403: no window passed the RMS + bird-band filters
birdclefxc_birdclef_XC709980: no window passed the RMS + bird-band filters
birdclefinat_birdclef_iNat1406213: shorter than 1.0s after trim
birdclefinat_birdclef_iNat1684046: no window passed the RMS + bird-band filters
birdclefxc_birdclef_XC830177: no window passed the RMS + bird-band filters
birdclefinat_birdclef_iNat185739: no window passed the RMS + bird-band filters
birdclefinat_birdclef_iNat507626: no window passed the RMS + bird-band filters
birdclefinat_birdclef_iNat475532: no window passed the RMS + bird-band filters
birdclefxc_birdclef_XC737022: no window passed the RMS + bird-band filters
birdclefinat_birdclef_iNat1088126: shorter than 1.0s after trim
birdclefinat_birdclef_iNat1061889: no window passed the RMS + bird-band filters
birdclefinat_birdclef_iNat1135897: no window passed the RMS + bird-band filters
birdclefinat_birdclef_iNat1252528: no window passed the RMS + bird-band filters
birdclefinat_birdclef_iNat1279025: no window passed the RMS + bird-band filters
birdclefinat_birdclef_iNat1287382: no window passed the RMS + bird-band filters
birdclefinat_birdclef_iNat1436938: no window passed the RMS + bird-band filters
birdclefinat_birdclef_iNat1543761: shorter than 1.0s after trim
birdclefinat_birdclef_iNat1416679: no window passed the RMS + bird-band filters
birdclefinat_birdclef_iNat1401569: no window passed the RMS + bird-band filters
birdclefinat_birdclef_iNat1631950: shorter than 1.0s after trim
birdclefinat_birdclef_iNat1318925: no window passed the RMS + bird-band filters
birdclefinat_birdclef_iNat1677849: no window passed the RMS + bird-band filters
birdclefinat_birdclef_iNat1720289: no window passed the RMS + bird-band filters
birdclefinat_birdclef_iNat1720288: no window passed the RMS + bird-band filters
birdclefinat_birdclef_iNat206586: no window passed the RMS + bird-band filters
birdclefinat_birdclef_iNat1708518: no window passed the RMS + bird-band filters
birdclefinat_birdclef_iNat1686366: no window passed the RMS + bird-band filters
birdclefinat_birdclef_iNat315717: no window passed the RMS + bird-band filters
birdclefinat_birdclef_iNat1631810: no window passed the RMS + bird-band filters
birdclefinat_birdclef_iNat344436: no window passed the RMS + bird-band filters
birdclefinat_birdclef_iNat305701: no window passed the RMS + bird-band filters
birdclefinat_birdclef_iNat426770: no window passed the RMS + bird-band filters
birdclefinat_birdclef_iNat822111: no window passed the RMS + bird-band filters
birdclefinat_birdclef_iNat852131: no window passed the RMS + bird-band filters
birdclefinat_birdclef_iNat994077: no window passed the RMS + bird-band filters
birdclefinat_birdclef_iNat926704: no window passed the RMS + bird-band filters
birdclefinat_birdclef_iNat924592: no window passed the RMS + bird-band filters
birdclefxc_birdclef_XC1035726: no window passed the RMS + bird-band filters
birdclefinat_birdclef_iNat912630: no window passed the RMS + bird-band filters
birdclefxc_birdclef_XC198519: no window passed the RMS + bird-band filters
birdclefxc_birdclef_XC237816: no window passed the RMS + bird-band filters
birdclefxc_birdclef_XC320170: no window passed the RMS + bird-band filters
birdclefxc_birdclef_XC318776: no window passed the RMS + bird-band filters
birdclefxc_birdclef_XC362789: no window passed the RMS + bird-band filters
birdclefinat_birdclef_iNat1215347: no window passed the RMS + bird-band filters
birdclefinat_birdclef_iNat1240859: shorter than 1.0s after trim
birdclefinat_birdclef_iNat1321621: shorter than 1.0s after trim
birdclefinat_birdclef_iNat1337876: shorter than 1.0s after trim
birdclefinat_birdclef_iNat1244838: no window passed the RMS + bird-band filters
birdclefinat_birdclef_iNat1033215: no window passed the RMS + bird-band filters
birdclefinat_birdclef_iNat1033216: no window passed the RMS + bird-band filters
birdclefinat_birdclef_iNat1033217: no window passed the RMS + bird-band filters
birdclefinat_birdclef_iNat1258433: no window passed the RMS + bird-band filters
birdclefinat_birdclef_iNat1432060: no window passed the RMS + bird-band filters
birdclefinat_birdclef_iNat1377292: no window passed the RMS + bird-band filters
birdclefinat_birdclef_iNat1289018: no window passed the RMS + bird-band filters
birdclefinat_birdclef_iNat1237563: no window passed the RMS + bird-band filters
birdclefinat_birdclef_iNat1608858: shorter than 1.0s after trim
birdclefinat_birdclef_iNat157412: no window passed the RMS + bird-band filters
birdclefinat_birdclef_iNat158592: no window passed the RMS + bird-band filters
birdclefinat_birdclef_iNat158591: no window passed the RMS + bird-band filters
birdclefinat_birdclef_iNat1447601: no window passed the RMS + bird-band filters
birdclefinat_birdclef_iNat1577532: no window passed the RMS + bird-band filters
birdclefinat_birdclef_iNat1456475: no window passed the RMS + bird-band filters
birdclefinat_birdclef_iNat1320750: no window passed the RMS + bird-band filters
birdclefinat_birdclef_iNat139341: no window passed the RMS + bird-band filters
birdclefinat_birdclef_iNat1623262: no window passed the RMS + bird-band filters
birdclefinat_birdclef_iNat1707373: shorter than 1.0s after trim
birdclefinat_birdclef_iNat1513785: no window passed the RMS + bird-band filters
birdclefinat_birdclef_iNat1653383: no window passed the RMS + bird-band filters
birdclefinat_birdclef_iNat313018: no window passed the RMS + bird-band filters
birdclefinat_birdclef_iNat1661127: no window passed the RMS + bird-band filters
birdclefinat_birdclef_iNat151180: no window passed the RMS + bird-band filters
birdclefinat_birdclef_iNat1727397: no window passed the RMS + bird-band filters
birdclefinat_birdclef_iNat35358: no window passed the RMS + bird-band filters
birdclefinat_birdclef_iNat1653386: no window passed the RMS + bird-band filters
birdclefinat_birdclef_iNat406543: no window passed the RMS + bird-band filters
birdclefinat_birdclef_iNat378124: no window passed the RMS + bird-band filters
birdclefinat_birdclef_iNat1660263: no window passed the RMS + bird-band filters
birdclefinat_birdclef_iNat341173: no window passed the RMS + bird-band filters
birdclefinat_birdclef_iNat386613: no window passed the RMS + bird-band filters
birdclefinat_birdclef_iNat406522: no window passed the RMS + bird-band filters
birdclefinat_birdclef_iNat56086: no window passed the RMS + bird-band filters
birdclefinat_birdclef_iNat766838: no window passed the RMS + bird-band filters
birdclefinat_birdclef_iNat58036: no window passed the RMS + bird-band filters
birdclefinat_birdclef_iNat764817: no window passed the RMS + bird-band filters
birdclefinat_birdclef_iNat818094: no window passed the RMS + bird-band filters
birdclefinat_birdclef_iNat838491: no window passed the RMS + bird-band filters
birdclefinat_birdclef_iNat838490: no window passed the RMS + bird-band filters
birdclefinat_birdclef_iNat857969: no window passed the RMS + bird-band filters
birdclefinat_birdclef_iNat787423: no window passed the RMS + bird-band filters
birdclefinat_birdclef_iNat753730: no window passed the RMS + bird-band filters
birdclefinat_birdclef_iNat847996: no window passed the RMS + bird-band filters
birdclefinat_birdclef_iNat517092: no window passed the RMS + bird-band filters
birdclefinat_birdclef_iNat50559: no window passed the RMS + bird-band filters
birdclefinat_birdclef_iNat568748: no window passed the RMS + bird-band filters
birdclefinat_birdclef_iNat406523: no window passed the RMS + bird-band filters
birdclefinat_birdclef_iNat456603: no window passed the RMS + bird-band filters
birdclefinat_birdclef_iNat605641: no window passed the RMS + bird-band filters
birdclefinat_birdclef_iNat529062: no window passed the RMS + bird-band filters
birdclefxc_birdclef_XC217208: no window passed the RMS + bird-band filters
birdclefinat_birdclef_iNat908201: no window passed the RMS + bird-band filters
birdclefinat_birdclef_iNat571315: no window passed the RMS + bird-band filters
birdclefinat_birdclef_iNat692065: no window passed the RMS + bird-band filters
birdclefxc_birdclef_XC292028: no window passed the RMS + bird-band filters
birdclefxc_birdclef_XC282602: no window passed the RMS + bird-band filters
birdclefxc_birdclef_XC507108: no window passed the RMS + bird-band filters
birdclefxc_birdclef_XC551595: no window passed the RMS + bird-band filters
birdclefxc_birdclef_XC863792: no window passed the RMS + bird-band filters
birdclefxc_birdclef_XC551598: no window passed the RMS + bird-band filters
birdclefinat_birdclef_iNat1259522: no window passed the RMS + bird-band filters
birdclefxc_birdclef_XC753658: no window passed the RMS + bird-band filters
birdclefxc_birdclef_XC911091: no window passed the RMS + bird-band filters
birdclefinat_birdclef_iNat1053480: no window passed the RMS + bird-band filters
birdclefinat_birdclef_iNat516414: no window passed the RMS + bird-band filters
birdclefinat_birdclef_iNat1668280: no window passed the RMS + bird-band filters
birdclefxc_birdclef_XC820140: no window passed the RMS + bird-band filters
birdclefxc_birdclef_XC707767: no window passed the RMS + bird-band filters
birdclefinat_birdclef_iNat810373: no window passed the RMS + bird-band filters
birdclefxc_birdclef_XC206234: no window passed the RMS + bird-band filters
birdclefxc_birdclef_XC800311: no window passed the RMS + bird-band filters
birdclefxc_birdclef_XC837447: no window passed the RMS + bird-band filters
birdclefxc_birdclef_XC863893: no window passed the RMS + bird-band filters
birdclefxc_birdclef_XC857483: no window passed the RMS + bird-band filters
birdclefinat_birdclef_iNat1019160: no window passed the RMS + bird-band filters
birdclefxc_birdclef_XC971822: no window passed the RMS + bird-band filters
birdclefinat_birdclef_iNat1227614: shorter than 1.0s after trim
birdclefxc_birdclef_XC971823: no window passed the RMS + bird-band filters
birdclefinat_birdclef_iNat1110557: no window passed the RMS + bird-band filters
birdclefinat_birdclef_iNat1238398: no window passed the RMS + bird-band filters
birdclefinat_birdclef_iNat1189406: no window passed the RMS + bird-band filters
birdclefinat_birdclef_iNat1294607: no window passed the RMS + bird-band filters
birdclefinat_birdclef_iNat1629904: no window passed the RMS + bird-band filters
birdclefinat_birdclef_iNat1665435: no window passed the RMS + bird-band filters
birdclefinat_birdclef_iNat1217137: no window passed the RMS + bird-band filters
birdclefinat_birdclef_iNat1631083: no window passed the RMS + bird-band filters
birdclefinat_birdclef_iNat1629906: no window passed the RMS + bird-band filters
birdclefinat_birdclef_iNat1676422: no window passed the RMS + bird-band filters
birdclefinat_birdclef_iNat1607885: no window passed the RMS + bird-band filters
birdclefinat_birdclef_iNat649608: no window passed the RMS + bird-band filters
birdclefinat_birdclef_iNat334896: no window passed the RMS + bird-band filters
birdclefinat_birdclef_iNat336534: no window passed the RMS + bird-band filters
birdclefinat_birdclef_iNat69191: no window passed the RMS + bird-band filters
birdclefinat_birdclef_iNat1207574: no window passed the RMS + bird-band filters
birdclefinat_birdclef_iNat56047: no window passed the RMS + bird-band filters
birdclefinat_birdclef_iNat314887: no window passed the RMS + bird-band filters
birdclefinat_birdclef_iNat817065: no window passed the RMS + bird-band filters
birdclefxc_birdclef_XC43926: no window passed the RMS + bird-band filters
birdclefxc_birdclef_XC351776: no window passed the RMS + bird-band filters
birdclefxc_birdclef_XC353629: no window passed the RMS + bird-band filters
birdclefxc_birdclef_XC630659: no window passed the RMS + bird-band filters
birdclefxc_birdclef_XC855140: no window passed the RMS + bird-band filters
birdclefxc_birdclef_XC732452: no window passed the RMS + bird-band filters
birdclefinat_birdclef_iNat763162: no window passed the RMS + bird-band filters
birdclefinat_birdclef_iNat405779: no window passed the RMS + bird-band filters
birdclefinat_birdclef_iNat1012324: no window passed the RMS + bird-band filters
birdclefxc_birdclef_XC557425: no window passed the RMS + bird-band filters
birdclefxc_birdclef_XC129070: no window passed the RMS + bird-band filters
birdclefxc_birdclef_XC343907: no window passed the RMS + bird-band filters
birdclefxc_birdclef_XC974571: no window passed the RMS + bird-band filters
birdclefxc_birdclef_XC965728: no window passed the RMS + bird-band filters
birdclefxc_birdclef_XC928805: no window passed the RMS + bird-band filters
birdclefinat_birdclef_iNat1608793: no window passed the RMS + bird-band filters
birdclefxc_birdclef_XC404570: no window passed the RMS + bird-band filters
birdclefinat_birdclef_iNat1487538: shorter than 1.0s after trim
birdclefinat_birdclef_iNat1679287: shorter than 1.0s after trim
birdclefinat_birdclef_iNat152413: no window passed the RMS + bird-band filters
birdclefxc_birdclef_XC346175: no window passed the RMS + bird-band filters
birdclefxc_birdclef_XC656568: shorter than 1.0s after trim
birdclefxc_birdclef_XC346203: no window passed the RMS + bird-band filters
birdclefxc_birdclef_XC849986: no window passed the RMS + bird-band filters
birdclefxc_birdclef_XC863919: no window passed the RMS + bird-band filters
birdclefinat_birdclef_iNat1570156: no window passed the RMS + bird-band filters
birdclefinat_birdclef_iNat1647785: no window passed the RMS + bird-band filters
birdclefinat_birdclef_iNat1647777: no window passed the RMS + bird-band filters
birdclefxc_birdclef_XC855192: no window passed the RMS + bird-band filters
birdclefinat_birdclef_iNat1002355: no window passed the RMS + bird-band filters
birdclefinat_birdclef_iNat1038416: no window passed the RMS + bird-band filters
birdclefinat_birdclef_iNat354773: no window passed the RMS + bird-band filters
birdclefinat_birdclef_iNat1463929: no window passed the RMS + bird-band filters
birdclefinat_birdclef_iNat140702: no window passed the RMS + bird-band filters
birdclefinat_birdclef_iNat1550350: no window passed the RMS + bird-band filters
birdclefinat_birdclef_iNat1508380: no window passed the RMS + bird-band filters
birdclefinat_birdclef_iNat1647779: no window passed the RMS + bird-band filters
birdclefinat_birdclef_iNat1665979: no window passed the RMS + bird-band filters
birdclefinat_birdclef_iNat1462316: no window passed the RMS + bird-band filters
birdclefinat_birdclef_iNat1261773: no window passed the RMS + bird-band filters
birdclefinat_birdclef_iNat531350: no window passed the RMS + bird-band filters
birdclefinat_birdclef_iNat763637: shorter than 1.0s after trim
birdclefinat_birdclef_iNat729637: no window passed the RMS + bird-band filters
birdclefinat_birdclef_iNat631318: no window passed the RMS + bird-band filters
birdclefinat_birdclef_iNat892285: no window passed the RMS + bird-band filters
birdclefinat_birdclef_iNat559531: no window passed the RMS + bird-band filters
birdclefinat_birdclef_iNat817716: no window passed the RMS + bird-band filters
birdclefinat_birdclef_iNat622142: no window passed the RMS + bird-band filters
birdclefinat_birdclef_iNat769896: no window passed the RMS + bird-band filters
birdclefinat_birdclef_iNat850847: no window passed the RMS + bird-band filters
birdclefinat_birdclef_iNat246928: no window passed the RMS + bird-band filters
birdclefxc_birdclef_XC426078: no window passed the RMS + bird-band filters
birdclefinat_birdclef_iNat1229565: no window passed the RMS + bird-band filters
birdclefinat_birdclef_iNat1594296: shorter than 1.0s after trim
birdclefinat_birdclef_iNat745934: no window passed the RMS + bird-band filters
birdclefxc_birdclef_XC769499: no window passed the RMS + bird-band filters
birdclefxc_birdclef_XC993733: no window passed the RMS + bird-band filters
birdclefxc_birdclef_XC993732: no window passed the RMS + bird-band filters
birdclefinat_birdclef_iNat1199393: shorter than 1.0s after trim
birdclefinat_birdclef_iNat1404548: shorter than 1.0s after trim
birdclefinat_birdclef_iNat1636518: shorter than 1.0s after trim
birdclefinat_birdclef_iNat1651360: shorter than 1.0s after trim
birdclefinat_birdclef_iNat771603: shorter than 1.0s after trim
birdclefxc_birdclef_XC896251: no window passed the RMS + bird-band filters
birdclefxc_birdclef_XC709894: no window passed the RMS + bird-band filters
birdclefxc_birdclef_XC482216: no window passed the RMS + bird-band filters
birdclefinat_birdclef_iNat1163847: no window passed the RMS + bird-band filters
birdclefinat_birdclef_iNat1224448: no window passed the RMS + bird-band filters
birdclefinat_birdclef_iNat1200824: no window passed the RMS + bird-band filters
birdclefxc_birdclef_XC169967: no window passed the RMS + bird-band filters
birdclefinat_birdclef_iNat1310343: no window passed the RMS + bird-band filters
birdclefinat_birdclef_iNat1287735: no window passed the RMS + bird-band filters
birdclefinat_birdclef_iNat1224459: no window passed the RMS + bird-band filters
birdclefinat_birdclef_iNat1391205: no window passed the RMS + bird-band filters
birdclefinat_birdclef_iNat1536547: shorter than 1.0s after trim
birdclefinat_birdclef_iNat1319191: no window passed the RMS + bird-band filters
birdclefinat_birdclef_iNat141913: no window passed the RMS + bird-band filters
birdclefinat_birdclef_iNat1530649: no window passed the RMS + bird-band filters
birdclefinat_birdclef_iNat1530647: no window passed the RMS + bird-band filters
birdclefinat_birdclef_iNat1598157: shorter than 1.0s after trim
birdclefinat_birdclef_iNat1594270: shorter than 1.0s after trim
birdclefinat_birdclef_iNat158583: no window passed the RMS + bird-band filters
birdclefinat_birdclef_iNat1642979: no window passed the RMS + bird-band filters
birdclefinat_birdclef_iNat1391198: no window passed the RMS + bird-band filters
birdclefinat_birdclef_iNat1645980: no window passed the RMS + bird-band filters
birdclefinat_birdclef_iNat1530945: no window passed the RMS + bird-band filters
birdclefinat_birdclef_iNat1530926: no window passed the RMS + bird-band filters
birdclefinat_birdclef_iNat1580513: no window passed the RMS + bird-band filters
birdclefinat_birdclef_iNat1531258: no window passed the RMS + bird-band filters
birdclefinat_birdclef_iNat208216: no window passed the RMS + bird-band filters
birdclefinat_birdclef_iNat151162: no window passed the RMS + bird-band filters
birdclefinat_birdclef_iNat311230: no window passed the RMS + bird-band filters
birdclefinat_birdclef_iNat1530965: no window passed the RMS + bird-band filters
birdclefinat_birdclef_iNat513293: no window passed the RMS + bird-band filters
birdclefinat_birdclef_iNat208349: no window passed the RMS + bird-band filters
birdclefinat_birdclef_iNat527513: no window passed the RMS + bird-band filters
birdclefinat_birdclef_iNat1645978: no window passed the RMS + bird-band filters
birdclefinat_birdclef_iNat23114: no window passed the RMS + bird-band filters
birdclefinat_birdclef_iNat543461: no window passed the RMS + bird-band filters
birdclefinat_birdclef_iNat1530988: no window passed the RMS + bird-band filters
birdclefinat_birdclef_iNat1642973: no window passed the RMS + bird-band filters
birdclefinat_birdclef_iNat34453: no window passed the RMS + bird-band filters
birdclefinat_birdclef_iNat55393: no window passed the RMS + bird-band filters
birdclefinat_birdclef_iNat480135: no window passed the RMS + bird-band filters
birdclefinat_birdclef_iNat626206: no window passed the RMS + bird-band filters
birdclefinat_birdclef_iNat348717: no window passed the RMS + bird-band filters
birdclefinat_birdclef_iNat809206: no window passed the RMS + bird-band filters
birdclefinat_birdclef_iNat728222: no window passed the RMS + bird-band filters
birdclefinat_birdclef_iNat858168: no window passed the RMS + bird-band filters
birdclefinat_birdclef_iNat789362: no window passed the RMS + bird-band filters
birdclefinat_birdclef_iNat858170: no window passed the RMS + bird-band filters
birdclefinat_birdclef_iNat858169: no window passed the RMS + bird-band filters
birdclefinat_birdclef_iNat764754: no window passed the RMS + bird-band filters
birdclefinat_birdclef_iNat692706: no window passed the RMS + bird-band filters
birdclefinat_birdclef_iNat780182: no window passed the RMS + bird-band filters
birdclefinat_birdclef_iNat962850: no window passed the RMS + bird-band filters
birdclefinat_birdclef_iNat790236: no window passed the RMS + bird-band filters
birdclefinat_birdclef_iNat901179: no window passed the RMS + bird-band filters
birdclefinat_birdclef_iNat817544: no window passed the RMS + bird-band filters
birdclefxc_birdclef_XC1017281: no window passed the RMS + bird-band filters
birdclefxc_birdclef_XC1017285: no window passed the RMS + bird-band filters
birdclefinat_birdclef_iNat944504: no window passed the RMS + bird-band filters
birdclefxc_birdclef_XC304173: no window passed the RMS + bird-band filters
birdclefxc_birdclef_XC417122: no window passed the RMS + bird-band filters
birdclefxc_birdclef_XC678386: no window passed the RMS + bird-band filters
birdclefxc_birdclef_XC748090: no window passed the RMS + bird-band filters
birdclefinat_birdclef_iNat869764: no window passed the RMS + bird-band filters
birdclefxc_birdclef_XC206241: no window passed the RMS + bird-band filters
birdclefxc_birdclef_XC769565: no window passed the RMS + bird-band filters
birdclefinat_birdclef_iNat1397691: shorter than 1.0s after trim
birdclefinat_birdclef_iNat1461732: shorter than 1.0s after trim
birdclefinat_birdclef_iNat1593494: shorter than 1.0s after trim
birdclefinat_birdclef_iNat131113: no window passed the RMS + bird-band filters
birdclefinat_birdclef_iNat17227: no window passed the RMS + bird-band filters
birdclefinat_birdclef_iNat578078: no window passed the RMS + bird-band filters
birdclefinat_birdclef_iNat743593: no window passed the RMS + bird-band filters
birdclefinat_birdclef_iNat847822: no window passed the RMS + bird-band filters
birdclefinat_birdclef_iNat847823: no window passed the RMS + bird-band filters
birdclefxc_birdclef_XC1008556: no window passed the RMS + bird-band filters
birdclefinat_birdclef_iNat743594: no window passed the RMS + bird-band filters
birdclefinat_birdclef_iNat847969: no window passed the RMS + bird-band filters
birdclefinat_birdclef_iNat490024: no window passed the RMS + bird-band filters
birdclefxc_birdclef_XC1006633: no window passed the RMS + bird-band filters
birdclefinat_birdclef_iNat70821: no window passed the RMS + bird-band filters
birdclefinat_birdclef_iNat1591088: no window passed the RMS + bird-band filters
birdclefxc_birdclef_XC1017284: no window passed the RMS + bird-band filters
birdclefinat_birdclef_iNat49222: no window passed the RMS + bird-band filters
birdclefxc_birdclef_XC360390: no window passed the RMS + bird-band filters
birdclefinat_birdclef_iNat1443730: no window passed the RMS + bird-band filters
birdclefxc_birdclef_XC831019: no window passed the RMS + bird-band filters
birdclefinat_birdclef_iNat1479050: shorter than 1.0s after trim
birdclefinat_birdclef_iNat1521944: shorter than 1.0s after trim
birdclefinat_birdclef_iNat1593008: shorter than 1.0s after trim
birdclefinat_birdclef_iNat1190992: no window passed the RMS + bird-band filters
birdclefinat_birdclef_iNat1014155: no window passed the RMS + bird-band filters
birdclefinat_birdclef_iNat1651588: no window passed the RMS + bird-band filters
birdclefinat_birdclef_iNat1608403: no window passed the RMS + bird-band filters
birdclefinat_birdclef_iNat1625500: no window passed the RMS + bird-band filters
birdclefinat_birdclef_iNat995380: no window passed the RMS + bird-band filters
birdclefinat_birdclef_iNat934187: no window passed the RMS + bird-band filters
birdclefxc_birdclef_XC288828: no window passed the RMS + bird-band filters
birdclefxc_birdclef_XC342590: no window passed the RMS + bird-band filters
birdclefxc_birdclef_XC354990: no window passed the RMS + bird-band filters
birdclefinat_birdclef_iNat1127875: no window passed the RMS + bird-band filters
birdclefinat_birdclef_iNat1347445: shorter than 1.0s after trim
birdclefinat_birdclef_iNat1360878: shorter than 1.0s after trim
birdclefinat_birdclef_iNat1720255: no window passed the RMS + bird-band filters
birdclefinat_birdclef_iNat1655368: no window passed the RMS + bird-band filters
birdclefinat_birdclef_iNat1574596: no window passed the RMS + bird-band filters
birdclefinat_birdclef_iNat1370480: no window passed the RMS + bird-band filters
birdclefinat_birdclef_iNat579319: no window passed the RMS + bird-band filters
birdclefinat_birdclef_iNat1125619: no window passed the RMS + bird-band filters
birdclefinat_birdclef_iNat61991: no window passed the RMS + bird-band filters
birdclefinat_birdclef_iNat357759: no window passed the RMS + bird-band filters
birdclefinat_birdclef_iNat77022: no window passed the RMS + bird-band filters
birdclefxc_birdclef_XC393259: no window passed the RMS + bird-band filters
birdclefxc_birdclef_XC394264: no window passed the RMS + bird-band filters
birdclefinat_birdclef_iNat1268927: shorter than 1.0s after trim
birdclefinat_birdclef_iNat1239481: no window passed the RMS + bird-band filters
birdclefinat_birdclef_iNat1206193: no window passed the RMS + bird-band filters
birdclefinat_birdclef_iNat1701473: shorter than 1.0s after trim
birdclefinat_birdclef_iNat1517953: no window passed the RMS + bird-band filters
birdclefinat_birdclef_iNat585409: shorter than 1.0s after trim
birdclefinat_birdclef_iNat809526: no window passed the RMS + bird-band filters
birdclefinat_birdclef_iNat1723600: no window passed the RMS + bird-band filters
birdclefinat_birdclef_iNat1341244: no window passed the RMS + bird-band filters
birdclefinat_birdclef_iNat1336124: no window passed the RMS + bird-band filters
birdclefinat_birdclef_iNat1628900: no window passed the RMS + bird-band filters
birdclefinat_birdclef_iNat1635049: no window passed the RMS + bird-band filters
birdclefinat_birdclef_iNat971011: no window passed the RMS + bird-band filters
birdclefinat_birdclef_iNat227756: no window passed the RMS + bird-band filters
birdclefinat_birdclef_iNat776798: no window passed the RMS + bird-band filters
birdclefinat_birdclef_iNat729639: no window passed the RMS + bird-band filters
birdclefinat_birdclef_iNat1639023: no window passed the RMS + bird-band filters
birdclefinat_birdclef_iNat512279: no window passed the RMS + bird-band filters
birdclefinat_birdclef_iNat999817: no window passed the RMS + bird-band filters
birdclefinat_birdclef_iNat1463893: no window passed the RMS + bird-band filters
birdclefinat_birdclef_iNat1677664: no window passed the RMS + bird-band filters
birdclefinat_birdclef_iNat786831: no window passed the RMS + bird-band filters
birdclefinat_birdclef_iNat1717061: no window passed the RMS + bird-band filters
birdclefxc_birdclef_XC1019629: no window passed the RMS + bird-band filters
birdclefxc_birdclef_XC233490: no window passed the RMS + bird-band filters
birdclefxc_birdclef_XC431036: no window passed the RMS + bird-band filters
birdclefxc_birdclef_XC555863: no window passed the RMS + bird-band filters
birdclefxc_birdclef_XC855141: no window passed the RMS + bird-band filters
birdclefxc_birdclef_XC901362: no window passed the RMS + bird-band filters
birdclefxc_birdclef_XC871283: no window passed the RMS + bird-band filters